-- phpMyAdmin SQL Dump
-- version 5.2.1
-- https://www.phpmyadmin.net/
--
-- Host: 127.0.0.1
-- Creato il: Gen 08, 2024 alle 18:00
-- Versione del server: 10.4.32-MariaDB
-- Versione PHP: 8.2.12

SET SQL_MODE = "NO_AUTO_VALUE_ON_ZERO";
START TRANSACTION;
SET time_zone = "+00:00";


/*!40101 SET @OLD_CHARACTER_SET_CLIENT=@@CHARACTER_SET_CLIENT */;
/*!40101 SET @OLD_CHARACTER_SET_RESULTS=@@CHARACTER_SET_RESULTS */;
/*!40101 SET @OLD_COLLATION_CONNECTION=@@COLLATION_CONNECTION */;
/*!40101 SET NAMES utf8mb4 */;

--
-- Database: `cinema`
--

-- --------------------------------------------------------

--
-- Struttura della tabella `biglietti`
--

CREATE TABLE `biglietti` (
  `idbiglietto` int(11) NOT NULL,
  `idpagamento1` int(11) NOT NULL,
  `idproiezione1` int(11) NOT NULL,
  `idutente` int(11) NOT NULL,
  `idposto1` varchar(255) NOT NULL,
  `rating` int(5) NOT NULL
) ENGINE=InnoDB DEFAULT CHARSET=utf8mb4 COLLATE=utf8mb4_general_ci;

--
-- Dump dei dati per la tabella `biglietti`
--

INSERT INTO `biglietti` (`idbiglietto`, `idpagamento1`, `idproiezione1`, `idutente`, `idposto1`, `rating`) VALUES
(1, 57, 3, 9, 'G12', 0),
(7, 42, 1, 5, 'A1', 5),
(8, 43, 1, 6, 'F2', 3),
(9, 45, 1, 9, 'A1,A2', 0),
(11, 64, 9, 9, 'G13 G14 G15', 0),
(12, 76, 2, 9, 'E7, E8', 0),
(13, 77, 1, 9, 'K20', 0),
(14, 78, 1, 9, 'I5', 0),
(15, 78, 0, 0, 'D1', 0),
(16, 80, 0, 0, 'D1, D2', 0),
(17, 81, 0, 0, 'B4, B5', 0),
(18, 82, 4, 9, 'B3, B4', 0),
(19, 83, 3, 9, 'C4, D4', 0),
(20, 84, 2, 9, 'D3', 0),
(21, 85, 7, 9, 'C1, C2', 0);

-- --------------------------------------------------------

--
-- Struttura della tabella `film`
--

CREATE TABLE `film` (
  `idfilm` int(11) NOT NULL,
  `titolo` varchar(100) NOT NULL,
  `regista` varchar(100) NOT NULL,
  `genere` varchar(100) DEFAULT NULL,
  `durata` int(11) NOT NULL,
  `nazione` varchar(100) DEFAULT NULL,
  `anno` varchar(10) DEFAULT NULL,
  `descrizione` varchar(300) DEFAULT NULL,
  `trailer` varchar(100) DEFAULT NULL,
  `locandina` varchar(100) DEFAULT NULL,
  `lingua` varchar(100) DEFAULT NULL,
  `attori` varchar(100) DEFAULT NULL,
  `stato` tinyint(4) DEFAULT 0
) ENGINE=InnoDB DEFAULT CHARSET=utf8mb4 COLLATE=utf8mb4_general_ci;

--
-- Dump dei dati per la tabella `film`
--

INSERT INTO `film` (`idfilm`, `titolo`, `regista`, `genere`, `durata`, `nazione`, `anno`, `descrizione`, `trailer`, `locandina`, `lingua`, `attori`, `stato`) VALUES
(1, 'Killers of the Flower Moon', 'Martin Scorsese', 'Drammatico', 205, 'USA', '2023', 'Oklahoma, primi anni Venti. Ernest Burkhart ha combattuto in guerra e torna nella nativa Fairfax in cerca di fortuna.', 'https://youtu.be/7cx9nCHsemc?si=FqLtGfXZT5f4-YYA', 'killers-of-the-flower-moon.png', 'Ita', 'Leonardo Di Caprio, Robert De Niro, Jesse Plemons', 1),
(2, 'Hunger Games: la ballata dell\'usignolo e del serpente', 'Francis Lawrence', 'Azione, Avventura', 165, 'USA', '2023', 'Anni prima di diventare il tirannico presidente di Panem, il diciottenne Coriolanus Snow è l ultima speranza per il buon nome della sua casata in declino: un orgogliosa famiglia caduta in disgrazia nel dopoguerra di Capitol City.', 'https://www.youtube.com/embed/kqAyrCadrQU?fs=1&autoplay=1', 'The-Hunger-Games-the-Ballad-of-Songbirds-and-Snakes.png', 'Ita', 'Rachel Zegler, Tom Blyth, Hunter Schafer', 1),
(3, 'Gremlins', 'Joe Dante', 'Fantastico', 111, 'USA', '1984', 'Rand Peltzer, inventore, ha trovato un regalo natalizio perfetto per suo figlio Bill: un piccolo mogwai tenero e buffo. ', 'https://www.youtube.com/embed/rKpl61np8aE?fs=1&autoplay=1', 'gremlins.png', 'Ita', 'Phoebe Cates, Keye Luke, Zach Galligan', 1),
(4, 'The Marvels', 'Nia DaCosta', 'Azione', 101, 'USA', '2023', 'Carol Danvers alias Captain Marvel ha recuperato la propria identità dai tirannici Kree e si è vendicata della Suprema Intelligenza. Ma a causa di conseguenze impreviste, Carol deve farsi carico del peso di un universo destabilizzato.', 'https://www.youtube.com/embed/nrMX5IcQZpE?fs=1&autoplay=1', 'the-marvels.png', 'Ita', 'Brie Larson, Teyonah Parris, Zawe Ashton', 1),
(5, 'The Nun II', 'Michael Chaves', 'Horror', 109, 'USA', '2023', '1956 - Francia. Un prete viene assassinato. Un male si sta diffondendo. Il sequel del film campione d\'incassi segue le vicende di Suor Irene, quando viene a trovarsi nuovamente faccia a faccia con Valak, la suora demoniaca.', 'https://youtu.be/QF-oyCwaArU', 'the-nun-2.png', 'Ita', 'Bonnie Aarons, Taissa Farmiga, Anna Popplewell', 1),
(6, 'Oppenheimer', 'Christopher Nolan', 'Biografico, Drammatico, Storico', 180, 'USA', '2023', 'Basato sulla biografia Robert Oppenheimer, il padre della bomba atomica di Kai Bird e Martin J. Sherwin, il film racconta la vita del fisico teorico statunitense J. Robert Oppenheimer.', 'https://youtu.be/bK6ldnjE3Y0', 'oppenheimer.png', 'Ita', 'Cillian Murphy, Emily Blunt, Robert Downey Jr., Matt Damon, Rami Malek', 0),
(7, 'Povere Creature!', 'Yorgos Lanthimos', 'Fantascienza', 101, 'USA', '2023', 'Oltre alle cicatrici che lo sfigurano e alle terribili menomazioni del suo fisico, Godwin Baxter deve a suo padre anche una sincera passione per il metodo scientifico e le pratiche chirurgiche.', 'https://youtu.be/RlbR5N6veqw', 'poor-things.png', 'Ita', 'Emma Stone, Margaret Qualley, Willem Dafoe, Mark Ruffalo', 0),
(8, 'Garfield: Una Missione Gustosa', 'Mark Dindal', 'animazione', 0, NULL, '2024', 'In questa nuova avventura, dopo un inaspettato incontro con il padre perduto da tempo, il trasandato gatto di strada Vic, Garfield e il suo amico canino Odie sono costretti a lasciare la loro vita piena di comodità per unirsi a Vic in una rapina ad alto rischio.', 'https://youtu.be/FiTUp0SU1f0?si=ZBhh0CJk_p9_V0WZ', 'Garfield.png', NULL, NULL, 2),
(9, 'Mean Girls', 'Arturo Perez Jr. and Samantha Jayne', 'commedia, musicale', 0, NULL, '2024', 'Cady Heron riesce a integrarsi nel suo nuovo liceo ed entra a far parte della cricca di ragazze di prima qualità, le Plastics. Poi, però, commette il tragico errore di innamorarsi di Aaron Samuels, ex fidanzato di Regina George.', 'https://youtu.be/fFtdbEgnUOk?si=L6MItsJwSYWo6ZxJ', 'mean-girls.png', NULL, NULL, 2),
(10, 'Argylle', 'Matthew Vaughn', 'spionaggio, azione', 0, NULL, '2024', 'Elly Conway, una solitaria scrittrice di best-seller di spionaggio, gradisce passare le serate davanti al computer in compagnia del suo gatto Alfie. Si ritroverà catapultata nel vero mondo dello spionaggio quando le trame dei suoi libri, incentrati su Argylle, un agente segreto, inizieranno a divent', 'https://youtu.be/7mgu9mNZ8Hk?si=qBKDZ0Jbrle9wYeL', 'Argylle.png', NULL, NULL, 2),
(11, 'Arthur the King', 'Simon Cellan Jones', 'drama, azione', 0, NULL, '2024', 'Un campione di raid - le cui gare prevedono un viaggio avventuroso con destinazione prefissata che comporta la percorrenza di una lunga distanza - adotta un cane randagio di nome Arthur, che si unisce a lui in una gara di resistenza.', 'https://youtu.be/wjDJNEPghNY?si=rNm9ubF8iudZ1W4B', 'arthur-the-king.png', NULL, NULL, 2),
(12, 'Joker: Folie à Deux', 'Todd Phillips', 'thriller psicologico musicale', 0, NULL, '2024', 'Sequel di Joker; un musical ambientato principalmente all’Arkham Asylum e si concentrerà sul tempo trascorso da Joker nell’iconico manicomio criminale.', 'https://youtu.be/03ymBj144ng?si=64Qni2C8o1RFj_zF', 'joker-2.png', NULL, NULL, 2),
(13, 'Beetlejuice 2', 'Tim Burton', 'thriller, fantasy', 0, NULL, '2024', NULL, 'https://youtu.be/llnuyh1wo8A?si=4c_ibI70GMIMhlRK', 'beetlejuice-2.png', NULL, NULL, 2),
(14, 'prova da phpadmin', '', NULL, 0, NULL, NULL, NULL, NULL, NULL, NULL, NULL, 0),
(16, 'prova3', '', NULL, 0, NULL, NULL, NULL, NULL, NULL, NULL, NULL, 0),
(22, 'prova33', 'Roger Rabbit', 'cartoon', 125, NULL, '2023', 'ciaone', NULL, NULL, NULL, NULL, 0),
(38, ' ', '', NULL, 0, NULL, NULL, NULL, NULL, NULL, NULL, NULL, 0),
(39, ' ', '', NULL, 0, NULL, NULL, NULL, NULL, NULL, NULL, NULL, 0);

-- --------------------------------------------------------

--
-- Struttura della tabella `pagamenti`
--

CREATE TABLE `pagamenti` (
  `idpagamento` int(11) NOT NULL,
  `idtipo_pagamento1` int(11) NOT NULL,
  `importo` float NOT NULL,
  `Titolare_nome` varchar(100) NOT NULL,
  `Titolare_cognome` varchar(100) NOT NULL,
  `Numero_carta` varchar(20) NOT NULL,
  `Data_scadenza` varchar(10) NOT NULL,
  `CVV` int(3) NOT NULL
) ENGINE=InnoDB DEFAULT CHARSET=utf8mb4 COLLATE=utf8mb4_general_ci;

--
-- Dump dei dati per la tabella `pagamenti`
--

INSERT INTO `pagamenti` (`idpagamento`, `idtipo_pagamento1`, `importo`, `Titolare_nome`, `Titolare_cognome`, `Numero_carta`, `Data_scadenza`, `CVV`) VALUES
(1, 1, 17, 'giulia', 'vanni', '1111111111111111', '2023-1', 456),
(12, 1, 8.5, '', '', '0', '', 0),
(13, 4, 6.5, '', '', '0', '', 0),
(18, 1, 10.5, '', '', '1234', '2024-0', 388),
(23, 1, 10.5, 'aaa', 'bbb', '1234', '2024-0', 388),
(25, 1, 10, 'paolino', 'paperino', '1234-5678-9012-1234', '2023-1', 332),
(26, 2, 9, 'uncle', 'scrooge', '2147483647', '2023-1', 999),
(27, 1, 8, 'uncle', 'scrooge', '2147483647', '2023-1', 253),
(28, 3, 12, 'pippo', 'pluto', '4321-8765-0912-1234', '2023-1', 647),
(29, 2, 11, 'paolino', 'paperino', '4.545676789891212e15', '2023-1', 789),
(30, 4, 15, 'paolino', 'paperino', '1234432112344321', '2023-1', 123),
(31, 2, 20, 'aaaaa', 'bbbb', '1234', '2023-1', 327),
(32, 2, 17, 'giulia', 'vanni', '1111222233334444', '2023-1', 111),
(33, 4, 12, 'pippo', 'pluto', '9999555566662222', '2023-1', 876),
(34, 2, 18, 'paolino', 'paperino', '4444', '2024-0', 667),
(35, 1, 17, 'giulia', 'vanni', '1111888844455', '2024-0', 123),
(36, 2, 8.5, 'uncle', 'scrooge', '111111111111111', '2024-0', 111),
(37, 2, 17, 'uncle', 'scrooge', '22222222', '2024-0', 222),
(38, 4, 17, 'pippo', 'pluto', '11112222', '2023-1', 234),
(39, 2, 17, 'Settimio', 'Severo', '11112222', '2023-1', 123),
(40, 1, 17, 'pippo', 'pluto', '5555', '2023-1', 897),
(41, 1, 17, 'pippo', 'pluto', '5555', '2023-1', 897),
(42, 2, 8.5, 'giulia', 'vanni', '6666666666', '2024-0', 666),
(43, 5, 17, 'pippo', 'pluto', '3333333333', '2024-0', 333),
(44, 1, 17, 'Settimio', 'Severo', '5555666677778888', '2023-1', 456),
(45, 3, 17, 'uncle', 'scrooge', '9999', '2024-0', 765),
(46, 1, 17, 'paolino', 'paperino', '6666', '2024-0', 256),
(47, 2, 8.5, 'pippo', 'pluto', '2222222222', '2024-0', 222),
(48, 3, 17, 'uncle', 'scrooge', '44444444444444', '2024-0', 123),
(49, 3, 17, 'paolino', 'paperino', '567', '2023-1', 678),
(50, 3, 17, 'uncle', 'scrooge', '66669999', '2023-1', 765),
(51, 4, 17, 'Settimio', 'Severo', '8888', '2024-0', 234),
(52, 2, 17, 'anna', 'maria', '444444444444', '2024-0', 222),
(53, 4, 17, 'pinco ', 'pallino', '55558888', '2024-0', 812),
(54, 1, 17, 'pinco ', 'pallino', '55558888', '2024-0', 812),
(55, 1, 17, 'pinco ', 'pallino', '55558888', '2024-0', 812),
(56, 2, 17, 'pinco ', 'pallino', '55558888', '2024-0', 812),
(57, 4, 17, 'pinco ', 'pallino', '55558888', '2024-0', 812),
(58, 6, 17, 'pinco ', 'pallino', '55558888', '2024-0', 812),
(59, 2, 17, 'pinco ', 'pallino', '55558888', '2023-1', 812),
(60, 1, 17, 'pinco ', 'pallino', '55558888', '2024-0', 812),
(61, 3, 17, 'pinco ', 'pallino', '55558888', '2024-0', 812),
(62, 3, 8.5, 'pippo', 'pluto', '1112222', '2024-0', 123),
(63, 2, 17, 'uncle', 'scrooge', '111111111', '2023-1', 123),
(64, 1, 25.5, 'pippo', 'pluto', '11111111111', '2023-1', 123),
(65, 1, 17, 'pippo', 'pluto', '11111111111', '2023-1', 123),
(66, 1, 17, 'pippo', 'pluto', '11111111111', '2023-1', 123),
(67, 4, 17, 'pippo', 'pluto  zz', '11111111111', '2023-1', 123),
(68, 1, 17, 'pippo', 'pluto  zz', '11111111111', '2023-1', 123),
(69, 1, 17, 'pippo yy', 'pluto  zz', '11111111111', '2024-0', 123),
(70, 2, 17, 'pippo yy', 'pluto  zz', '11111111111', '2023-1', 123),
(71, 3, 17, 'pippo yy', 'pluto  zz', '11111111111', '2023-1', 123),
(72, 4, 17, 'pippo yy', 'pluto  zz', '11111111111', '2023-1', 123),
(73, 4, 17, 'pippo yy', 'pluto  zz', '11111111111', '2024-0', 123),
(74, 3, 17, 'pippo yy', 'pluto  zz', '11111111111', '2023-1', 123),
(75, 2, 17, 'pippo yy', 'pluto  zz', '11111111111', '2023-1', 123),
(76, 5, 17, 'pippo yy', 'pluto  zz', '11111111111', '2023-1', 123),
(77, 3, 8.5, 'giulia', 'vanni', '1111111111111', '2024-0', 323),
(78, 1, 8.5, 'giacomo', 'rizzo', '343333333333333', '2023-1', 345),
(79, 1, 10, 'prova', 'provaa', '1234', '0000-0', 123),
(80, 2, 17, 'uncle', 'scrooge', '2222222', '2024-0', 333),
(81, 4, 17, 'uncle', 'scrooge', '333333333', '2024-0', 333),
(82, 3, 17, 'giacomo', 'rizzo', '333444', '2024-0', 345),
(83, 4, 17, 'uncle', 'scrooge', '2222222222', '2024-0', 333),
(84, 3, 8.5, 'giulia', 'vanni', '33333333333333', '06/23', 123),
(85, 2, 17, 'giulia', 'vanni', '22222222222222222', '03/25', 222),
(86, 4, 25.5, 'giulia', 'vanni', '22222222222222222', '03/25', 222);

-- --------------------------------------------------------

--
-- Struttura della tabella `posti_proiezione`
--

CREATE TABLE `posti_proiezione` (
  `idposto` int(11) NOT NULL,
  `idproiezione` int(11) NOT NULL,
  `categoria` varchar(50) NOT NULL,
  `fila` char(1) NOT NULL,
  `label` varchar(4) NOT NULL,
  `numero` int(11) NOT NULL,
  `selected` tinyint(1) NOT NULL,
  `occupato` tinyint(1) NOT NULL,
  `speciale` tinyint(1) NOT NULL,
  `costo` int(5) NOT NULL
) ENGINE=InnoDB DEFAULT CHARSET=utf8 COLLATE=utf8_general_ci;

--
-- Dump dei dati per la tabella `posti_proiezione`
--

INSERT INTO `posti_proiezione` (`idposto`, `idproiezione`, `categoria`, `fila`, `label`, `numero`, `selected`, `occupato`, `speciale`, `costo`) VALUES
(1, 4, '', 'A', 'A1', 1, 0, 0, 0, 5),
(2, 4, '', 'A', 'A2', 1, 0, 0, 0, 5),
(3, 4, '', 'A', 'A3', 1, 0, 0, 0, 5),
(4, 4, '', 'A', 'A4', 1, 0, 0, 0, 5),
(5, 4, '', 'A', 'A5', 1, 0, 0, 0, 5),
(6, 4, '', 'B', 'B1', 1, 0, 0, 0, 5),
(7, 4, '', 'B', 'B2', 1, 0, 0, 0, 5),
(8, 4, '', 'B', 'B3', 1, 0, 1, 0, 5),
(9, 4, '', 'B', 'B4', 1, 0, 1, 0, 5),
(10, 4, '', 'B', 'B5', 1, 0, 0, 0, 5),
(11, 4, '', 'C', 'C1', 1, 0, 0, 0, 5),
(12, 4, '', 'C', 'C2', 1, 0, 0, 0, 5),
(13, 4, '', 'C', 'C3', 1, 0, 0, 0, 5),
(14, 4, '', 'C', 'C4', 1, 0, 0, 0, 5),
(15, 4, '', 'C', 'C5', 1, 0, 0, 0, 5),
(16, 4, '', 'D', 'D1', 1, 0, 0, 0, 5),
(17, 4, '', 'D', 'D2', 1, 0, 0, 0, 5),
(18, 4, '', 'D', 'D3', 1, 0, 0, 0, 5),
(19, 4, '', 'D', 'D4', 1, 0, 0, 0, 5),
(20, 4, '', 'D', 'D5', 1, 0, 0, 0, 5),
(21, 6, '', 'A', 'A1', 1, 0, 0, 0, 5),
(22, 6, '', 'A', 'A2', 1, 0, 0, 0, 5),
(23, 6, '', 'A', 'A3', 1, 0, 0, 0, 5),
(24, 6, '', 'A', 'A4', 1, 0, 0, 0, 5),
(25, 6, '', 'A', 'A5', 1, 0, 0, 0, 5),
(26, 6, '', 'B', 'B1', 1, 0, 0, 0, 5),
(27, 6, '', 'B', 'B2', 1, 0, 0, 0, 5),
(28, 6, '', 'B', 'B3', 1, 0, 0, 0, 5),
(29, 6, '', 'B', 'B4', 1, 0, 0, 0, 5),
(30, 6, '', 'B', 'B5', 1, 0, 0, 0, 5),
(31, 6, '', 'C', 'C1', 1, 0, 0, 0, 5),
(32, 6, '', 'C', 'C2', 1, 0, 0, 0, 5),
(33, 6, '', 'C', 'C3', 1, 0, 0, 0, 5),
(34, 6, '', 'C', 'C4', 1, 0, 0, 0, 5),
(35, 6, '', 'C', 'C5', 1, 0, 0, 0, 5),
(36, 6, '', 'D', 'D1', 1, 0, 0, 0, 5),
(37, 6, '', 'D', 'D2', 1, 0, 0, 0, 5),
(38, 6, '', 'D', 'D3', 1, 0, 0, 0, 5),
(39, 6, '', 'D', 'D4', 1, 0, 0, 0, 5),
(40, 6, '', 'D', 'D5', 1, 0, 0, 0, 5),
(41, 7, '', 'A', 'A1', 1, 0, 0, 0, 5),
(42, 7, '', 'A', 'A2', 1, 0, 0, 0, 5),
(43, 7, '', 'A', 'A3', 1, 0, 0, 0, 5),
(44, 7, '', 'A', 'A4', 1, 0, 0, 0, 5),
(45, 7, '', 'A', 'A5', 1, 0, 0, 0, 5),
(46, 7, '', 'B', 'B1', 1, 0, 0, 0, 5),
(47, 7, '', 'B', 'B2', 1, 0, 0, 0, 5),
(48, 7, '', 'B', 'B3', 1, 0, 0, 0, 5),
(49, 7, '', 'B', 'B4', 1, 0, 0, 0, 5),
(50, 7, '', 'B', 'B5', 1, 0, 0, 0, 5),
(51, 7, '', 'C', 'C1', 1, 0, 1, 0, 5),
(52, 7, '', 'C', 'C2', 1, 0, 1, 0, 5),
(53, 7, '', 'C', 'C3', 1, 0, 0, 0, 5),
(54, 7, '', 'C', 'C4', 1, 0, 0, 0, 5),
(55, 7, '', 'C', 'C5', 1, 0, 0, 0, 5),
(56, 7, '', 'D', 'D1', 1, 0, 0, 0, 5),
(57, 7, '', 'D', 'D2', 1, 0, 0, 0, 5),
(58, 7, '', 'D', 'D3', 1, 0, 0, 0, 5),
(59, 7, '', 'D', 'D4', 1, 0, 0, 0, 5),
(60, 7, '', 'D', 'D5', 1, 0, 0, 0, 5),
(61, 8, '', 'A', 'A1', 1, 0, 0, 0, 5),
(62, 8, '', 'A', 'A2', 1, 0, 0, 0, 5),
(63, 8, '', 'A', 'A3', 1, 0, 0, 0, 5),
(64, 8, '', 'A', 'A4', 1, 0, 0, 0, 5),
(65, 8, '', 'A', 'A5', 1, 0, 0, 0, 5),
(66, 8, '', 'B', 'B1', 1, 0, 0, 0, 5),
(67, 8, '', 'B', 'B2', 1, 0, 0, 0, 5),
(68, 8, '', 'B', 'B3', 1, 0, 0, 0, 5),
(69, 8, '', 'B', 'B4', 1, 0, 0, 0, 5),
(70, 8, '', 'B', 'B5', 1, 0, 0, 0, 5),
(71, 8, '', 'C', 'C1', 1, 0, 0, 0, 5),
(72, 8, '', 'C', 'C2', 1, 0, 0, 0, 5),
(73, 8, '', 'C', 'C3', 1, 0, 0, 0, 5),
(74, 8, '', 'C', 'C4', 1, 0, 0, 0, 5),
(75, 8, '', 'C', 'C5', 1, 0, 0, 0, 5),
(76, 8, '', 'D', 'D1', 1, 0, 0, 0, 5),
(77, 8, '', 'D', 'D2', 1, 0, 0, 0, 5),
(78, 8, '', 'D', 'D3', 1, 0, 0, 0, 5),
(79, 8, '', 'D', 'D4', 1, 0, 0, 0, 5),
(80, 8, '', 'D', 'D5', 1, 0, 0, 0, 5),
(81, 11, '', 'A', 'A1', 1, 0, 0, 0, 5),
(82, 11, '', 'A', 'A2', 1, 0, 0, 0, 5),
(83, 11, '', 'A', 'A3', 1, 0, 0, 0, 5),
(84, 11, '', 'A', 'A4', 1, 0, 0, 0, 5),
(85, 11, '', 'A', 'A5', 1, 0, 0, 0, 5),
(86, 11, '', 'B', 'B1', 1, 0, 0, 0, 5),
(87, 11, '', 'B', 'B2', 1, 0, 0, 0, 5),
(88, 11, '', 'B', 'B3', 1, 0, 1, 0, 5),
(89, 11, '', 'B', 'B4', 1, 0, 1, 0, 5),
(90, 11, '', 'B', 'B5', 1, 0, 1, 0, 5),
(91, 11, '', 'C', 'C1', 1, 0, 0, 0, 5),
(92, 11, '', 'C', 'C2', 1, 0, 0, 0, 5),
(93, 11, '', 'C', 'C3', 1, 0, 0, 0, 5),
(94, 11, '', 'C', 'C4', 1, 0, 0, 0, 5),
(95, 11, '', 'C', 'C5', 1, 0, 0, 0, 5),
(96, 11, '', 'D', 'D1', 1, 0, 0, 0, 5),
(97, 11, '', 'D', 'D2', 1, 0, 0, 0, 5),
(98, 11, '', 'D', 'D3', 1, 0, 0, 0, 5),
(99, 11, '', 'D', 'D4', 1, 0, 0, 0, 5),
(100, 11, '', 'D', 'D5', 1, 0, 0, 0, 5),
(101, 12, '', 'A', 'A1', 1, 0, 0, 0, 5),
(102, 12, '', 'A', 'A2', 1, 0, 0, 0, 5),
(103, 12, '', 'A', 'A3', 1, 0, 0, 0, 5),
(104, 12, '', 'A', 'A4', 1, 0, 0, 0, 5),
(105, 12, '', 'A', 'A5', 1, 0, 0, 0, 5),
(106, 12, '', 'B', 'B1', 1, 0, 0, 0, 5),
(107, 12, '', 'B', 'B2', 1, 0, 0, 0, 5),
(108, 12, '', 'B', 'B3', 1, 0, 0, 0, 5),
(109, 12, '', 'B', 'B4', 1, 0, 0, 0, 5),
(110, 12, '', 'B', 'B5', 1, 0, 0, 0, 5),
(111, 12, '', 'C', 'C1', 1, 0, 0, 0, 5),
(112, 12, '', 'C', 'C2', 1, 0, 0, 0, 5),
(113, 12, '', 'C', 'C3', 1, 0, 0, 0, 5),
(114, 12, '', 'C', 'C4', 1, 0, 0, 0, 5),
(115, 12, '', 'C', 'C5', 1, 0, 0, 0, 5),
(116, 12, '', 'D', 'D1', 1, 0, 0, 0, 5),
(117, 12, '', 'D', 'D2', 1, 0, 0, 0, 5),
(118, 12, '', 'D', 'D3', 1, 0, 0, 0, 5),
(119, 12, '', 'D', 'D4', 1, 0, 0, 0, 5),
(120, 12, '', 'D', 'D5', 1, 0, 0, 0, 5),
(121, 13, '', 'A', 'A1', 1, 0, 0, 0, 5),
(122, 13, '', 'A', 'A2', 1, 0, 0, 0, 5),
(123, 13, '', 'A', 'A3', 1, 0, 0, 0, 5),
(124, 13, '', 'A', 'A4', 1, 0, 0, 0, 5),
(125, 13, '', 'A', 'A5', 1, 0, 0, 0, 5),
(126, 13, '', 'B', 'B1', 1, 0, 0, 0, 5),
(127, 13, '', 'B', 'B2', 1, 0, 0, 0, 5),
(128, 13, '', 'B', 'B3', 1, 0, 0, 0, 5),
(129, 13, '', 'B', 'B4', 1, 0, 0, 0, 5),
(130, 13, '', 'B', 'B5', 1, 0, 0, 0, 5),
(131, 13, '', 'C', 'C1', 1, 0, 0, 0, 5),
(132, 13, '', 'C', 'C2', 1, 0, 0, 0, 5),
(133, 13, '', 'C', 'C3', 1, 0, 0, 0, 5),
(134, 13, '', 'C', 'C4', 1, 0, 0, 0, 5),
(135, 13, '', 'C', 'C5', 1, 0, 0, 0, 5),
(136, 13, '', 'D', 'D1', 1, 0, 0, 0, 5),
(137, 13, '', 'D', 'D2', 1, 0, 0, 0, 5),
(138, 13, '', 'D', 'D3', 1, 0, 0, 0, 5),
(139, 13, '', 'D', 'D4', 1, 0, 0, 0, 5),
(140, 13, '', 'D', 'D5', 1, 0, 0, 0, 5),
(141, 10, '', 'A', 'A1', 1, 0, 0, 0, 5),
(142, 10, '', 'A', 'A2', 1, 0, 0, 0, 5),
(143, 10, '', 'A', 'A3', 1, 0, 0, 0, 5),
(144, 10, '', 'A', 'A4', 1, 0, 0, 0, 5),
(145, 10, '', 'A', 'A5', 1, 0, 0, 0, 5),
(146, 10, '', 'B', 'B1', 1, 0, 0, 0, 5),
(147, 10, '', 'B', 'B2', 1, 0, 0, 0, 5),
(148, 10, '', 'B', 'B3', 1, 0, 0, 0, 5),
(149, 10, '', 'B', 'B4', 1, 0, 0, 0, 5),
(150, 10, '', 'B', 'B5', 1, 0, 0, 0, 5),
(151, 10, '', 'C', 'C1', 1, 0, 0, 0, 5),
(152, 10, '', 'C', 'C2', 1, 0, 0, 0, 5),
(153, 10, '', 'C', 'C3', 1, 0, 0, 0, 5),
(154, 10, '', 'C', 'C4', 1, 0, 0, 0, 5),
(155, 10, '', 'C', 'C5', 1, 0, 0, 0, 5),
(156, 10, '', 'D', 'D1', 1, 0, 0, 0, 5),
(157, 10, '', 'D', 'D2', 1, 0, 0, 0, 5),
(158, 10, '', 'D', 'D3', 1, 0, 0, 0, 5),
(159, 10, '', 'D', 'D4', 1, 0, 0, 0, 5),
(160, 10, '', 'D', 'D5', 1, 0, 0, 0, 5),
(456, 9, '', 'A', 'A1', 1, 0, 1, 0, 5),
(457, 9, '', 'A', 'A2', 2, 0, 1, 0, 5),
(458, 9, '', 'A', 'A3', 3, 0, 1, 0, 5),
(459, 9, '', 'A', 'A4', 4, 0, 1, 0, 5),
(460, 9, '', 'A', 'A5', 5, 0, 0, 0, 5),
(471, 9, '', 'B', 'B1', 1, 0, 0, 0, 5),
(472, 9, '', 'B', 'B2', 2, 0, 0, 0, 5),
(473, 9, '', 'B', 'B3', 3, 0, 1, 0, 5),
(474, 9, '', 'B', 'B4', 4, 0, 0, 0, 5),
(475, 9, '', 'B', 'B5', 5, 0, 0, 0, 5),
(486, 9, '', 'C', 'C1', 1, 0, 0, 0, 5),
(487, 9, '', 'C', 'C2', 2, 0, 0, 0, 5),
(488, 9, '', 'C', 'C3', 3, 0, 0, 0, 5),
(489, 9, '', 'C', 'C4', 4, 0, 0, 0, 5),
(490, 9, '', 'C', 'C5', 5, 0, 0, 0, 5),
(501, 9, '', 'D', 'D1', 1, 0, 0, 0, 5),
(502, 9, '', 'D', 'D2', 2, 0, 0, 0, 5),
(503, 9, '', 'D', 'D3', 3, 0, 0, 0, 5),
(504, 9, '', 'D', 'D4', 4, 0, 0, 0, 5),
(506, 9, '', 'D', 'D5', 5, 0, 0, 0, 5),
(681, 2, '', 'A', 'A1', 1, 0, 0, 0, 5),
(682, 2, '', 'A', 'A2', 2, 0, 0, 0, 5),
(683, 2, '', 'A', 'A3', 3, 0, 0, 0, 5),
(684, 2, '', 'A', 'A4', 4, 0, 1, 0, 5),
(685, 2, '', 'A', 'A5', 5, 0, 1, 0, 5),
(696, 2, '', 'B', 'B1', 1, 0, 1, 0, 5),
(697, 2, '', 'B', 'B2', 2, 0, 1, 0, 5),
(698, 2, '', 'B', 'B3', 3, 0, 0, 0, 5),
(699, 2, '', 'B', 'B4', 4, 0, 0, 0, 5),
(700, 2, '', 'B', 'B5', 5, 0, 1, 0, 5),
(711, 2, '', 'C', 'C1', 1, 0, 1, 0, 5),
(712, 2, '', 'C', 'C2', 2, 0, 0, 0, 5),
(713, 2, '', 'C', 'C3', 3, 0, 1, 0, 5),
(714, 2, '', 'C', 'C4', 4, 0, 1, 0, 5),
(715, 2, '', 'C', 'C5', 5, 0, 0, 0, 5),
(726, 2, '', 'D', 'D1', 1, 0, 1, 0, 5),
(727, 2, '', 'D', 'D2', 2, 0, 0, 0, 5),
(728, 2, '', 'D', 'D3', 3, 0, 1, 0, 5),
(729, 2, '', 'D', 'D4', 4, 0, 0, 0, 5),
(730, 2, '', 'D', 'D5', 5, 0, 1, 0, 5),
(906, 1, '', 'A', 'A1', 1, 0, 0, 0, 5),
(907, 1, '', 'A', 'A2', 2, 0, 1, 0, 5),
(908, 1, '', 'A', 'A3', 3, 0, 0, 0, 5),
(909, 1, '', 'A', 'A4', 4, 0, 0, 0, 5),
(910, 1, '', 'A', 'A5', 5, 0, 0, 0, 5),
(926, 1, '', 'B', 'B1', 1, 0, 1, 0, 5),
(927, 1, '', 'B', 'B2', 2, 0, 0, 0, 5),
(928, 1, '', 'B', 'B3', 3, 0, 0, 0, 5),
(929, 1, '', 'B', 'B4', 4, 0, 1, 0, 5),
(930, 1, '', 'B', 'B5', 5, 0, 0, 0, 5),
(946, 1, '', 'C', 'C1', 1, 0, 0, 0, 5),
(947, 1, '', 'C', 'C2', 2, 0, 0, 0, 5),
(948, 1, '', 'C', 'C3', 3, 0, 1, 0, 5),
(949, 1, '', 'C', 'C4', 4, 0, 1, 0, 5),
(950, 1, '', 'C', 'C5', 5, 0, 0, 0, 5),
(966, 1, '', 'D', 'D1', 1, 0, 0, 0, 5),
(967, 1, '', 'D', 'D2', 2, 0, 0, 0, 5),
(968, 1, '', 'D', 'D3', 3, 0, 0, 0, 5),
(969, 1, '', 'D', 'D4', 4, 0, 0, 0, 5),
(970, 1, '', 'D', 'D5', 5, 0, 0, 0, 5),
(1391, 5, '', 'A', 'A1', 1, 0, 0, 0, 5),
(1392, 5, '', 'A', 'A2', 2, 0, 0, 0, 5),
(1393, 5, '', 'A', 'A3', 3, 0, 0, 0, 5),
(1394, 5, '', 'A', 'A4', 4, 0, 0, 0, 5),
(1395, 5, '', 'A', 'A5', 5, 0, 0, 0, 5),
(1411, 5, '', 'B', 'B1', 1, 0, 0, 0, 5),
(1412, 5, '', 'B', 'B2', 2, 0, 0, 0, 5),
(1413, 5, '', 'B', 'B3', 3, 0, 0, 0, 5),
(1414, 5, '', 'B', 'B4', 4, 0, 1, 0, 5),
(1415, 5, '', 'B', 'B5', 5, 0, 1, 0, 5),
(1431, 5, '', 'C', 'C1', 1, 0, 0, 0, 5),
(1432, 5, '', 'C', 'C2', 2, 0, 0, 0, 5),
(1433, 5, '', 'C', 'C3', 3, 0, 0, 0, 5),
(1434, 5, '', 'C', 'C4', 4, 0, 0, 0, 5),
(1435, 5, '', 'C', 'C5', 5, 0, 0, 0, 5),
(1451, 5, '', 'D', 'D1', 1, 0, 1, 0, 5),
(1452, 5, '', 'D', 'D2', 2, 0, 0, 0, 5),
(1453, 5, '', 'D', 'D3', 3, 0, 0, 0, 5),
(1454, 5, '', 'D', 'D4', 4, 0, 0, 0, 5),
(1455, 5, '', 'D', 'D5', 5, 0, 0, 0, 5),
(1531, 3, '', 'A', 'A1', 1, 0, 0, 0, 5),
(1532, 3, '', 'A', 'A2', 2, 0, 0, 0, 5),
(1533, 3, '', 'A', 'A3', 3, 0, 0, 0, 5),
(1534, 3, '', 'A', 'A4', 4, 0, 0, 0, 5),
(1535, 3, '', 'A', 'A5', 5, 0, 0, 0, 5),
(1551, 3, '', 'B', 'B1', 1, 0, 0, 0, 5),
(1552, 3, '', 'B', 'B2', 2, 0, 0, 0, 5),
(1553, 3, '', 'B', 'B3', 3, 0, 0, 0, 5),
(1554, 3, '', 'B', 'B4', 4, 0, 0, 0, 5),
(1555, 3, '', 'B', 'B5', 5, 0, 0, 0, 5),
(1571, 3, '', 'C', 'C1', 1, 0, 0, 0, 5),
(1572, 3, '', 'C', 'C2', 2, 0, 0, 0, 5),
(1573, 3, '', 'C', 'C3', 3, 0, 0, 0, 5),
(1574, 3, '', 'C', 'C4', 4, 0, 1, 0, 5),
(1575, 3, '', 'C', 'C5', 5, 0, 0, 0, 5),
(1591, 3, '', 'D', 'D1', 1, 0, 1, 0, 5),
(1592, 3, '', 'D', 'D2', 2, 0, 1, 0, 5),
(1593, 3, '', 'D', 'D3', 3, 0, 0, 0, 5),
(1594, 3, '', 'D', 'D4', 4, 0, 1, 0, 5),
(1595, 3, '', 'D', 'D5', 5, 0, 0, 0, 5),
(1596, 31, '', 'A', 'A1', 1, 0, 0, 0, 0),
(1597, 31, '', 'A', 'A2', 2, 0, 0, 0, 0),
(1598, 31, '', 'A', 'A3', 3, 0, 0, 0, 0),
(1599, 31, '', 'A', 'A4', 4, 0, 0, 0, 0),
(1600, 31, '', 'A', 'A5', 5, 0, 0, 0, 0),
(1601, 31, '', 'B', 'B1', 1, 0, 0, 0, 0),
(1602, 31, '', 'B', 'B2', 2, 0, 0, 0, 0),
(1603, 31, '', 'B', 'B3', 3, 0, 0, 0, 0),
(1604, 31, '', 'B', 'B4', 4, 0, 0, 0, 0),
(1605, 31, '', 'B', 'B5', 5, 0, 0, 0, 0),
(1606, 31, '', 'C', 'C1', 1, 0, 0, 0, 0),
(1607, 31, '', 'C', 'C2', 2, 0, 0, 0, 0),
(1608, 31, '', 'C', 'C3', 3, 0, 0, 0, 0),
(1609, 31, '', 'C', 'C4', 4, 0, 0, 0, 0),
(1610, 31, '', 'C', 'C5', 5, 0, 0, 0, 0),
(1611, 31, '', 'D', 'D1', 1, 0, 0, 0, 0),
(1612, 31, '', 'D', 'D2', 2, 0, 0, 0, 0),
(1613, 31, '', 'D', 'D3', 3, 0, 0, 0, 0),
(1614, 31, '', 'D', 'D4', 4, 0, 0, 0, 0),
(1615, 31, '', 'D', 'D5', 5, 0, 0, 0, 0),
(1616, 31, '', 'E', 'E1', 1, 0, 0, 0, 0),
(1617, 31, '', 'E', 'E2', 2, 0, 0, 0, 0),
(1618, 31, '', 'E', 'E3', 3, 0, 0, 0, 0),
(1619, 31, '', 'E', 'E4', 4, 0, 0, 0, 0),
(1620, 31, '', 'E', 'E5', 5, 0, 0, 0, 0),
(1720, 35, '', 'A', 'A1', 1, 0, 0, 0, 0),
(1721, 35, '', 'A', 'A2', 2, 0, 0, 0, 0),
(1722, 35, '', 'A', 'A3', 3, 0, 0, 0, 0),
(1723, 35, '', 'A', 'A4', 4, 0, 0, 0, 0),
(1724, 35, '', 'A', 'A5', 5, 0, 0, 0, 0),
(1725, 35, '', 'B', 'B1', 1, 0, 0, 0, 0),
(1726, 35, '', 'B', 'B2', 2, 0, 0, 0, 0),
(1727, 35, '', 'B', 'B3', 3, 0, 0, 0, 0),
(1728, 35, '', 'B', 'B4', 4, 0, 0, 0, 0),
(1729, 35, '', 'B', 'B5', 5, 0, 0, 0, 0),
(1730, 35, '', 'C', 'C1', 1, 0, 0, 0, 0),
(1731, 35, '', 'C', 'C2', 2, 0, 0, 0, 0),
(1732, 35, '', 'C', 'C3', 3, 0, 0, 0, 0),
(1733, 35, '', 'C', 'C4', 4, 0, 0, 0, 0),
(1734, 35, '', 'C', 'C5', 5, 0, 0, 0, 0),
(1735, 35, '', 'D', 'D1', 1, 0, 0, 0, 0),
(1736, 35, '', 'D', 'D2', 2, 0, 0, 0, 0),
(1737, 35, '', 'D', 'D3', 3, 0, 0, 0, 0),
(1738, 35, '', 'D', 'D4', 4, 0, 0, 0, 0),
(1739, 35, '', 'D', 'D5', 5, 0, 0, 0, 0),
(1740, 35, '', 'E', 'E1', 1, 0, 1, 0, 0),
(1741, 35, '', 'E', 'E2', 2, 0, 0, 0, 0),
(1742, 35, '', 'E', 'E3', 3, 0, 0, 0, 0),
(1743, 35, '', 'E', 'E4', 4, 0, 0, 0, 0),
(1744, 35, '', 'E', 'E5', 5, 0, 0, 0, 0),
(1751, 36, '', 'A', 'A1', 1, 0, 1, 0, 0),
(1752, 36, '', 'A', 'A2', 2, 0, 0, 0, 0),
(1753, 36, '', 'A', 'A3', 3, 0, 0, 0, 0),
(1754, 36, '', 'A', 'A4', 4, 0, 0, 0, 0),
(1755, 36, '', 'A', 'A5', 5, 0, 0, 0, 0),
(1756, 36, '', 'B', 'B1', 1, 0, 0, 0, 0),
(1757, 36, '', 'B', 'B2', 2, 0, 0, 0, 0),
(1758, 36, '', 'B', 'B3', 3, 0, 0, 0, 0),
(1759, 36, '', 'B', 'B4', 4, 0, 0, 0, 0),
(1760, 36, '', 'B', 'B5', 5, 0, 0, 0, 0),
(1761, 36, '', 'C', 'C1', 1, 0, 0, 0, 0),
(1762, 36, '', 'C', 'C2', 2, 0, 0, 0, 0),
(1763, 36, '', 'C', 'C3', 3, 0, 0, 0, 0),
(1764, 36, '', 'C', 'C4', 4, 0, 0, 0, 0),
(1765, 36, '', 'C', 'C5', 5, 0, 0, 0, 0),
(1766, 36, '', 'D', 'D1', 1, 0, 0, 0, 0),
(1767, 36, '', 'D', 'D2', 2, 0, 0, 0, 0),
(1768, 36, '', 'D', 'D3', 3, 0, 0, 0, 0),
(1769, 36, '', 'D', 'D4', 4, 0, 0, 0, 0),
(1770, 36, '', 'D', 'D5', 5, 0, 0, 0, 0),
(1771, 36, '', 'E', 'E1', 1, 0, 0, 0, 0),
(1772, 36, '', 'E', 'E2', 2, 0, 0, 0, 0),
(1773, 36, '', 'E', 'E3', 3, 0, 0, 0, 0),
(1774, 36, '', 'E', 'E4', 4, 0, 0, 0, 0),
(1775, 36, '', 'E', 'E5', 5, 0, 0, 0, 0),
(1782, 37, '', 'A', 'A1', 1, 0, 1, 0, 0),
(1783, 37, '', 'A', 'A2', 2, 0, 0, 0, 0),
(1784, 37, '', 'A', 'A3', 3, 0, 0, 0, 0),
(1785, 37, '', 'A', 'A4', 4, 0, 0, 0, 0),
(1786, 37, '', 'A', 'A5', 5, 0, 0, 0, 0),
(1787, 37, '', 'B', 'B1', 1, 0, 0, 0, 0),
(1788, 37, '', 'B', 'B2', 2, 0, 0, 0, 0),
(1789, 37, '', 'B', 'B3', 3, 0, 0, 0, 0),
(1790, 37, '', 'B', 'B4', 4, 0, 0, 0, 0),
(1791, 37, '', 'B', 'B5', 5, 0, 0, 0, 0),
(1792, 37, '', 'C', 'C1', 1, 0, 0, 0, 0),
(1793, 37, '', 'C', 'C2', 2, 0, 0, 0, 0),
(1794, 37, '', 'C', 'C3', 3, 0, 0, 0, 0),
(1795, 37, '', 'C', 'C4', 4, 0, 0, 0, 0),
(1796, 37, '', 'C', 'C5', 5, 0, 0, 0, 0),
(1797, 37, '', 'D', 'D1', 1, 0, 0, 0, 0),
(1798, 37, '', 'D', 'D2', 2, 0, 0, 0, 0),
(1799, 37, '', 'D', 'D3', 3, 0, 0, 0, 0),
(1800, 37, '', 'D', 'D4', 4, 0, 0, 0, 0),
(1801, 37, '', 'D', 'D5', 5, 0, 0, 0, 0),
(1802, 37, '', 'E', 'E1', 1, 0, 0, 0, 0),
(1803, 37, '', 'E', 'E2', 2, 0, 0, 0, 0),
(1804, 37, '', 'E', 'E3', 3, 0, 0, 0, 0),
(1805, 37, '', 'E', 'E4', 4, 0, 0, 0, 0),
(1806, 37, '', 'E', 'E5', 5, 0, 0, 0, 0),
(1813, 38, '', 'A', 'A1', 1, 0, 0, 0, 0),
(1814, 38, '', 'A', 'A2', 2, 0, 1, 0, 0),
(1815, 38, '', 'A', 'A3', 3, 0, 0, 0, 0),
(1816, 38, '', 'A', 'A4', 4, 0, 0, 0, 0),
(1817, 38, '', 'A', 'A5', 5, 0, 0, 0, 0),
(1818, 38, '', 'B', 'B1', 1, 0, 0, 0, 0),
(1819, 38, '', 'B', 'B2', 2, 0, 0, 0, 0),
(1820, 38, '', 'B', 'B3', 3, 0, 0, 0, 0),
(1821, 38, '', 'B', 'B4', 4, 0, 0, 0, 0),
(1822, 38, '', 'B', 'B5', 5, 0, 0, 0, 0),
(1823, 38, '', 'C', 'C1', 1, 0, 0, 0, 0),
(1824, 38, '', 'C', 'C2', 2, 0, 0, 0, 0),
(1825, 38, '', 'C', 'C3', 3, 0, 0, 0, 0),
(1826, 38, '', 'C', 'C4', 4, 0, 0, 0, 0),
(1827, 38, '', 'C', 'C5', 5, 0, 0, 0, 0),
(1828, 38, '', 'D', 'D1', 1, 0, 0, 0, 0),
(1829, 38, '', 'D', 'D2', 2, 0, 0, 0, 0),
(1830, 38, '', 'D', 'D3', 3, 0, 0, 0, 0),
(1831, 38, '', 'D', 'D4', 4, 0, 0, 0, 0),
(1832, 38, '', 'D', 'D5', 5, 0, 0, 0, 0),
(1844, 39, '', 'A', 'A1', 1, 0, 0, 0, 0),
(1845, 39, '', 'A', 'A2', 2, 0, 0, 0, 0),
(1846, 39, '', 'A', 'A3', 3, 0, 0, 0, 0),
(1847, 39, '', 'A', 'A4', 4, 0, 0, 0, 0),
(1848, 39, '', 'A', 'A5', 5, 0, 0, 0, 0),
(1849, 39, '', 'B', 'B1', 1, 0, 0, 0, 0),
(1850, 39, '', 'B', 'B2', 2, 0, 0, 0, 0),
(1851, 39, '', 'B', 'B3', 3, 0, 0, 0, 0),
(1852, 39, '', 'B', 'B4', 4, 0, 0, 0, 0),
(1853, 39, '', 'B', 'B5', 5, 0, 0, 0, 0),
(1854, 39, '', 'C', 'C1', 1, 0, 0, 0, 0),
(1855, 39, '', 'C', 'C2', 2, 0, 0, 0, 0),
(1856, 39, '', 'C', 'C3', 3, 0, 0, 0, 0),
(1857, 39, '', 'C', 'C4', 4, 0, 0, 0, 0),
(1858, 39, '', 'C', 'C5', 5, 0, 0, 0, 0),
(1859, 39, '', 'D', 'D1', 1, 0, 0, 0, 0),
(1860, 39, '', 'D', 'D2', 2, 0, 0, 0, 0),
(1861, 39, '', 'D', 'D3', 3, 0, 0, 0, 0),
(1862, 39, '', 'D', 'D4', 4, 0, 0, 0, 0),
(1863, 39, '', 'D', 'D5', 5, 0, 0, 0, 0);

-- --------------------------------------------------------

--
-- Struttura della tabella `posti_proiezione_old`
--

CREATE TABLE `posti_proiezione_old` (
  `idposto` int(11) NOT NULL,
  `idproiezione` int(11) NOT NULL,
  `categoria` varchar(50) NOT NULL,
  `fila` char(1) NOT NULL,
  `numero` int(11) NOT NULL,
  `occupato` tinyint(1) NOT NULL,
  `speciale` tinyint(1) NOT NULL
) ENGINE=InnoDB DEFAULT CHARSET=utf8mb4 COLLATE=utf8mb4_general_ci;

--
-- Dump dei dati per la tabella `posti_proiezione_old`
--

INSERT INTO `posti_proiezione_old` (`idposto`, `idproiezione`, `categoria`, `fila`, `numero`, `occupato`, `speciale`) VALUES
(456, 9, '', 'A', 1, 0, 0),
(457, 9, '', 'A', 2, 0, 0),
(458, 9, '', 'A', 3, 0, 0),
(459, 9, '', 'A', 4, 0, 0),
(460, 9, '', 'A', 5, 0, 0),
(461, 9, '', 'A', 6, 0, 0),
(462, 9, '', 'A', 7, 0, 0),
(463, 9, '', 'A', 8, 0, 0),
(464, 9, '', 'A', 9, 0, 0),
(465, 9, '', 'A', 10, 0, 0),
(466, 9, '', 'A', 11, 0, 0),
(467, 9, '', 'A', 12, 0, 0),
(468, 9, '', 'A', 13, 0, 0),
(469, 9, '', 'A', 14, 0, 0),
(470, 9, '', 'A', 15, 0, 0),
(471, 9, '', 'B', 1, 0, 0),
(472, 9, '', 'B', 2, 0, 0),
(473, 9, '', 'B', 3, 0, 0),
(474, 9, '', 'B', 4, 0, 0),
(475, 9, '', 'B', 5, 0, 0),
(476, 9, '', 'B', 6, 0, 0),
(477, 9, '', 'B', 7, 0, 0),
(478, 9, '', 'B', 8, 0, 0),
(479, 9, '', 'B', 9, 0, 0),
(480, 9, '', 'B', 10, 0, 0),
(481, 9, '', 'B', 11, 0, 0),
(482, 9, '', 'B', 12, 0, 0),
(483, 9, '', 'B', 13, 0, 0),
(484, 9, '', 'B', 14, 0, 0),
(485, 9, '', 'B', 15, 0, 0),
(486, 9, '', 'C', 1, 0, 0),
(487, 9, '', 'C', 2, 0, 0),
(488, 9, '', 'C', 3, 0, 0),
(489, 9, '', 'C', 4, 0, 0),
(490, 9, '', 'C', 5, 0, 0),
(491, 9, '', 'C', 6, 0, 0),
(492, 9, '', 'C', 7, 0, 0),
(493, 9, '', 'C', 8, 0, 0),
(494, 9, '', 'C', 9, 0, 0),
(495, 9, '', 'C', 10, 0, 0),
(496, 9, '', 'C', 11, 0, 0),
(497, 9, '', 'C', 12, 0, 0),
(498, 9, '', 'C', 13, 0, 0),
(499, 9, '', 'C', 14, 0, 0),
(500, 9, '', 'C', 15, 0, 0),
(501, 9, '', 'D', 1, 0, 0),
(502, 9, '', 'D', 2, 0, 0),
(503, 9, '', 'D', 3, 0, 0),
(504, 9, '', 'D', 4, 0, 0),
(505, 9, '', 'D', 5, 0, 0),
(506, 9, '', 'D', 6, 0, 0),
(507, 9, '', 'D', 7, 0, 0),
(508, 9, '', 'D', 8, 0, 0),
(509, 9, '', 'D', 9, 0, 0),
(510, 9, '', 'D', 10, 0, 0),
(511, 9, '', 'D', 11, 0, 0),
(512, 9, '', 'D', 12, 0, 0),
(513, 9, '', 'D', 13, 0, 0),
(514, 9, '', 'D', 14, 0, 0),
(515, 9, '', 'D', 15, 0, 0),
(516, 9, '', 'E', 1, 0, 0),
(517, 9, '', 'E', 2, 0, 0),
(518, 9, '', 'E', 3, 0, 0),
(519, 9, '', 'E', 4, 0, 0),
(520, 9, '', 'E', 5, 0, 0),
(521, 9, '', 'E', 6, 0, 0),
(522, 9, '', 'E', 7, 0, 0),
(523, 9, '', 'E', 8, 0, 0),
(524, 9, '', 'E', 9, 0, 0),
(525, 9, '', 'E', 10, 0, 0),
(526, 9, '', 'E', 11, 0, 0),
(527, 9, '', 'E', 12, 0, 0),
(528, 9, '', 'E', 13, 0, 0),
(529, 9, '', 'E', 14, 0, 0),
(530, 9, '', 'E', 15, 0, 0),
(531, 9, '', 'F', 1, 0, 0),
(532, 9, '', 'F', 2, 0, 0),
(533, 9, '', 'F', 3, 0, 0),
(534, 9, '', 'F', 4, 0, 0),
(535, 9, '', 'F', 5, 0, 0),
(536, 9, '', 'F', 6, 0, 0),
(537, 9, '', 'F', 7, 0, 0),
(538, 9, '', 'F', 8, 0, 0),
(539, 9, '', 'F', 9, 0, 0),
(540, 9, '', 'F', 10, 0, 0),
(541, 9, '', 'F', 11, 0, 0),
(542, 9, '', 'F', 12, 0, 0),
(543, 9, '', 'F', 13, 0, 0),
(544, 9, '', 'F', 14, 0, 0),
(545, 9, '', 'F', 15, 0, 0),
(546, 9, '', 'G', 1, 0, 0),
(547, 9, '', 'G', 2, 0, 0),
(548, 9, '', 'G', 3, 0, 0),
(549, 9, '', 'G', 4, 0, 0),
(550, 9, '', 'G', 5, 0, 0),
(551, 9, '', 'G', 6, 0, 0),
(552, 9, '', 'G', 7, 0, 0),
(553, 9, '', 'G', 8, 0, 0),
(554, 9, '', 'G', 9, 0, 0),
(555, 9, '', 'G', 10, 0, 0),
(556, 9, '', 'G', 11, 0, 0),
(557, 9, '', 'G', 12, 0, 0),
(558, 9, '', 'G', 13, 0, 0),
(559, 9, '', 'G', 14, 0, 0),
(560, 9, '', 'G', 15, 0, 0),
(561, 9, '', 'H', 1, 0, 0),
(562, 9, '', 'H', 2, 0, 0),
(563, 9, '', 'H', 3, 0, 0),
(564, 9, '', 'H', 4, 0, 0),
(565, 9, '', 'H', 5, 0, 0),
(566, 9, '', 'H', 6, 0, 0),
(567, 9, '', 'H', 7, 0, 0),
(568, 9, '', 'H', 8, 0, 0),
(569, 9, '', 'H', 9, 0, 0),
(570, 9, '', 'H', 10, 0, 0),
(571, 9, '', 'H', 11, 0, 0),
(572, 9, '', 'H', 12, 0, 0),
(573, 9, '', 'H', 13, 0, 0),
(574, 9, '', 'H', 14, 0, 0),
(575, 9, '', 'H', 15, 0, 0),
(576, 9, '', 'I', 1, 0, 0),
(577, 9, '', 'I', 2, 0, 0),
(578, 9, '', 'I', 3, 0, 0),
(579, 9, '', 'I', 4, 0, 0),
(580, 9, '', 'I', 5, 0, 0),
(581, 9, '', 'I', 6, 0, 0),
(582, 9, '', 'I', 7, 0, 0),
(583, 9, '', 'I', 8, 0, 0),
(584, 9, '', 'I', 9, 0, 0),
(585, 9, '', 'I', 10, 0, 0),
(586, 9, '', 'I', 11, 0, 0),
(587, 9, '', 'I', 12, 0, 0),
(588, 9, '', 'I', 13, 0, 0),
(589, 9, '', 'I', 14, 0, 0),
(590, 9, '', 'I', 15, 0, 0),
(591, 9, '', 'J', 1, 0, 0),
(592, 9, '', 'J', 2, 0, 0),
(593, 9, '', 'J', 3, 0, 0),
(594, 9, '', 'J', 4, 0, 0),
(595, 9, '', 'J', 5, 0, 0),
(596, 9, '', 'J', 6, 0, 0),
(597, 9, '', 'J', 7, 0, 0),
(598, 9, '', 'J', 8, 0, 0),
(599, 9, '', 'J', 9, 0, 0),
(600, 9, '', 'J', 10, 0, 0),
(601, 9, '', 'J', 11, 0, 0),
(602, 9, '', 'J', 12, 0, 0),
(603, 9, '', 'J', 13, 0, 0),
(604, 9, '', 'J', 14, 0, 0),
(605, 9, '', 'J', 15, 0, 0),
(606, 9, '', 'K', 1, 0, 0),
(607, 9, '', 'K', 2, 0, 0),
(608, 9, '', 'K', 3, 0, 0),
(609, 9, '', 'K', 4, 0, 0),
(610, 9, '', 'K', 5, 0, 0),
(611, 9, '', 'K', 6, 0, 0),
(612, 9, '', 'K', 7, 0, 0),
(613, 9, '', 'K', 8, 0, 0),
(614, 9, '', 'K', 9, 0, 0),
(615, 9, '', 'K', 10, 0, 0),
(616, 9, '', 'K', 11, 0, 0),
(617, 9, '', 'K', 12, 0, 0),
(618, 9, '', 'K', 13, 0, 0),
(619, 9, '', 'K', 14, 0, 0),
(620, 9, '', 'K', 15, 0, 0),
(621, 9, '', 'L', 1, 0, 0),
(622, 9, '', 'L', 2, 0, 0),
(623, 9, '', 'L', 3, 0, 0),
(624, 9, '', 'L', 4, 0, 0),
(625, 9, '', 'L', 5, 0, 0),
(626, 9, '', 'L', 6, 0, 0),
(627, 9, '', 'L', 7, 0, 0),
(628, 9, '', 'L', 8, 0, 0),
(629, 9, '', 'L', 9, 0, 0),
(630, 9, '', 'L', 10, 0, 0),
(631, 9, '', 'L', 11, 0, 0),
(632, 9, '', 'L', 12, 0, 0),
(633, 9, '', 'L', 13, 0, 0),
(634, 9, '', 'L', 14, 0, 0),
(635, 9, '', 'L', 15, 0, 0),
(636, 9, '', 'M', 1, 0, 0),
(637, 9, '', 'M', 2, 0, 0),
(638, 9, '', 'M', 3, 0, 0),
(639, 9, '', 'M', 4, 0, 0),
(640, 9, '', 'M', 5, 0, 0),
(641, 9, '', 'M', 6, 0, 0),
(642, 9, '', 'M', 7, 0, 0),
(643, 9, '', 'M', 8, 0, 0),
(644, 9, '', 'M', 9, 0, 0),
(645, 9, '', 'M', 10, 0, 0),
(646, 9, '', 'M', 11, 0, 0),
(647, 9, '', 'M', 12, 0, 0),
(648, 9, '', 'M', 13, 0, 0),
(649, 9, '', 'M', 14, 0, 0),
(650, 9, '', 'M', 15, 0, 0),
(651, 9, '', 'N', 1, 0, 0),
(652, 9, '', 'N', 2, 0, 0),
(653, 9, '', 'N', 3, 0, 0),
(654, 9, '', 'N', 4, 0, 0),
(655, 9, '', 'N', 5, 0, 0),
(656, 9, '', 'N', 6, 0, 0),
(657, 9, '', 'N', 7, 0, 0),
(658, 9, '', 'N', 8, 0, 0),
(659, 9, '', 'N', 9, 0, 0),
(660, 9, '', 'N', 10, 0, 0),
(661, 9, '', 'N', 11, 0, 0),
(662, 9, '', 'N', 12, 0, 0),
(663, 9, '', 'N', 13, 0, 0),
(664, 9, '', 'N', 14, 0, 0),
(665, 9, '', 'N', 15, 0, 0),
(666, 9, '', 'O', 1, 0, 0),
(667, 9, '', 'O', 2, 0, 0),
(668, 9, '', 'O', 3, 0, 0),
(669, 9, '', 'O', 4, 0, 0),
(670, 9, '', 'O', 5, 0, 0),
(671, 9, '', 'O', 6, 0, 0),
(672, 9, '', 'O', 7, 0, 0),
(673, 9, '', 'O', 8, 0, 0),
(674, 9, '', 'O', 9, 0, 0),
(675, 9, '', 'O', 10, 0, 0),
(676, 9, '', 'O', 11, 0, 0),
(677, 9, '', 'O', 12, 0, 0),
(678, 9, '', 'O', 13, 0, 0),
(679, 9, '', 'O', 14, 0, 0),
(680, 9, '', 'O', 15, 0, 0),
(681, 2, '', 'A', 1, 0, 0),
(682, 2, '', 'A', 2, 0, 0),
(683, 2, '', 'A', 3, 0, 0),
(684, 2, '', 'A', 4, 0, 0),
(685, 2, '', 'A', 5, 0, 0),
(686, 2, '', 'A', 6, 0, 0),
(687, 2, '', 'A', 7, 0, 0),
(688, 2, '', 'A', 8, 0, 0),
(689, 2, '', 'A', 9, 0, 0),
(690, 2, '', 'A', 10, 0, 0),
(691, 2, '', 'A', 11, 0, 0),
(692, 2, '', 'A', 12, 0, 0),
(693, 2, '', 'A', 13, 0, 0),
(694, 2, '', 'A', 14, 0, 0),
(695, 2, '', 'A', 15, 0, 0),
(696, 2, '', 'B', 1, 0, 0),
(697, 2, '', 'B', 2, 0, 0),
(698, 2, '', 'B', 3, 0, 0),
(699, 2, '', 'B', 4, 0, 0),
(700, 2, '', 'B', 5, 0, 0),
(701, 2, '', 'B', 6, 0, 0),
(702, 2, '', 'B', 7, 0, 0),
(703, 2, '', 'B', 8, 0, 0),
(704, 2, '', 'B', 9, 0, 0),
(705, 2, '', 'B', 10, 0, 0),
(706, 2, '', 'B', 11, 0, 0),
(707, 2, '', 'B', 12, 0, 0),
(708, 2, '', 'B', 13, 0, 0),
(709, 2, '', 'B', 14, 0, 0),
(710, 2, '', 'B', 15, 0, 0),
(711, 2, '', 'C', 1, 0, 0),
(712, 2, '', 'C', 2, 0, 0),
(713, 2, '', 'C', 3, 0, 0),
(714, 2, '', 'C', 4, 0, 0),
(715, 2, '', 'C', 5, 0, 0),
(716, 2, '', 'C', 6, 0, 0),
(717, 2, '', 'C', 7, 0, 0),
(718, 2, '', 'C', 8, 0, 0),
(719, 2, '', 'C', 9, 0, 0),
(720, 2, '', 'C', 10, 0, 0),
(721, 2, '', 'C', 11, 0, 0),
(722, 2, '', 'C', 12, 0, 0),
(723, 2, '', 'C', 13, 0, 0),
(724, 2, '', 'C', 14, 0, 0),
(725, 2, '', 'C', 15, 0, 0),
(726, 2, '', 'D', 1, 0, 0),
(727, 2, '', 'D', 2, 0, 0),
(728, 2, '', 'D', 3, 0, 0),
(729, 2, '', 'D', 4, 0, 0),
(730, 2, '', 'D', 5, 0, 0),
(731, 2, '', 'D', 6, 0, 0),
(732, 2, '', 'D', 7, 0, 0),
(733, 2, '', 'D', 8, 0, 0),
(734, 2, '', 'D', 9, 0, 0),
(735, 2, '', 'D', 10, 0, 0),
(736, 2, '', 'D', 11, 0, 0),
(737, 2, '', 'D', 12, 0, 0),
(738, 2, '', 'D', 13, 0, 0),
(739, 2, '', 'D', 14, 0, 0),
(740, 2, '', 'D', 15, 0, 0),
(741, 2, '', 'E', 1, 0, 0),
(742, 2, '', 'E', 2, 0, 0),
(743, 2, '', 'E', 3, 0, 0),
(744, 2, '', 'E', 4, 0, 0),
(745, 2, '', 'E', 5, 0, 0),
(746, 2, '', 'E', 6, 0, 0),
(747, 2, '', 'E', 7, 0, 0),
(748, 2, '', 'E', 8, 0, 0),
(749, 2, '', 'E', 9, 0, 0),
(750, 2, '', 'E', 10, 0, 0),
(751, 2, '', 'E', 11, 0, 0),
(752, 2, '', 'E', 12, 0, 0),
(753, 2, '', 'E', 13, 0, 0),
(754, 2, '', 'E', 14, 0, 0),
(755, 2, '', 'E', 15, 0, 0),
(756, 2, '', 'F', 1, 0, 0),
(757, 2, '', 'F', 2, 0, 0),
(758, 2, '', 'F', 3, 0, 0),
(759, 2, '', 'F', 4, 0, 0),
(760, 2, '', 'F', 5, 0, 0),
(761, 2, '', 'F', 6, 0, 0),
(762, 2, '', 'F', 7, 0, 0),
(763, 2, '', 'F', 8, 0, 0),
(764, 2, '', 'F', 9, 0, 0),
(765, 2, '', 'F', 10, 0, 0),
(766, 2, '', 'F', 11, 0, 0),
(767, 2, '', 'F', 12, 0, 0),
(768, 2, '', 'F', 13, 0, 0),
(769, 2, '', 'F', 14, 0, 0),
(770, 2, '', 'F', 15, 0, 0),
(771, 2, '', 'G', 1, 0, 0),
(772, 2, '', 'G', 2, 0, 0),
(773, 2, '', 'G', 3, 0, 0),
(774, 2, '', 'G', 4, 0, 0),
(775, 2, '', 'G', 5, 0, 0),
(776, 2, '', 'G', 6, 0, 0),
(777, 2, '', 'G', 7, 0, 0),
(778, 2, '', 'G', 8, 0, 0),
(779, 2, '', 'G', 9, 0, 0),
(780, 2, '', 'G', 10, 0, 0),
(781, 2, '', 'G', 11, 0, 0),
(782, 2, '', 'G', 12, 0, 0),
(783, 2, '', 'G', 13, 0, 0),
(784, 2, '', 'G', 14, 0, 0),
(785, 2, '', 'G', 15, 0, 0),
(786, 2, '', 'H', 1, 0, 0),
(787, 2, '', 'H', 2, 0, 0),
(788, 2, '', 'H', 3, 0, 0),
(789, 2, '', 'H', 4, 0, 0),
(790, 2, '', 'H', 5, 0, 0),
(791, 2, '', 'H', 6, 0, 0),
(792, 2, '', 'H', 7, 0, 0),
(793, 2, '', 'H', 8, 0, 0),
(794, 2, '', 'H', 9, 0, 0),
(795, 2, '', 'H', 10, 0, 0),
(796, 2, '', 'H', 11, 0, 0),
(797, 2, '', 'H', 12, 0, 0),
(798, 2, '', 'H', 13, 0, 0),
(799, 2, '', 'H', 14, 0, 0),
(800, 2, '', 'H', 15, 0, 0),
(801, 2, '', 'I', 1, 0, 0),
(802, 2, '', 'I', 2, 0, 0),
(803, 2, '', 'I', 3, 0, 0),
(804, 2, '', 'I', 4, 0, 0),
(805, 2, '', 'I', 5, 0, 0),
(806, 2, '', 'I', 6, 0, 0),
(807, 2, '', 'I', 7, 0, 0),
(808, 2, '', 'I', 8, 0, 0),
(809, 2, '', 'I', 9, 0, 0),
(810, 2, '', 'I', 10, 0, 0),
(811, 2, '', 'I', 11, 0, 0),
(812, 2, '', 'I', 12, 0, 0),
(813, 2, '', 'I', 13, 0, 0),
(814, 2, '', 'I', 14, 0, 0),
(815, 2, '', 'I', 15, 0, 0),
(816, 2, '', 'J', 1, 0, 0),
(817, 2, '', 'J', 2, 0, 0),
(818, 2, '', 'J', 3, 0, 0),
(819, 2, '', 'J', 4, 0, 0),
(820, 2, '', 'J', 5, 0, 0),
(821, 2, '', 'J', 6, 0, 0),
(822, 2, '', 'J', 7, 0, 0),
(823, 2, '', 'J', 8, 0, 0),
(824, 2, '', 'J', 9, 0, 0),
(825, 2, '', 'J', 10, 0, 0),
(826, 2, '', 'J', 11, 0, 0),
(827, 2, '', 'J', 12, 0, 0),
(828, 2, '', 'J', 13, 0, 0),
(829, 2, '', 'J', 14, 0, 0),
(830, 2, '', 'J', 15, 0, 0),
(831, 2, '', 'K', 1, 0, 0),
(832, 2, '', 'K', 2, 0, 0),
(833, 2, '', 'K', 3, 0, 0),
(834, 2, '', 'K', 4, 0, 0),
(835, 2, '', 'K', 5, 0, 0),
(836, 2, '', 'K', 6, 0, 0),
(837, 2, '', 'K', 7, 0, 0),
(838, 2, '', 'K', 8, 0, 0),
(839, 2, '', 'K', 9, 0, 0),
(840, 2, '', 'K', 10, 0, 0),
(841, 2, '', 'K', 11, 0, 0),
(842, 2, '', 'K', 12, 0, 0),
(843, 2, '', 'K', 13, 0, 0),
(844, 2, '', 'K', 14, 0, 0),
(845, 2, '', 'K', 15, 0, 0),
(846, 2, '', 'L', 1, 0, 0),
(847, 2, '', 'L', 2, 0, 0),
(848, 2, '', 'L', 3, 0, 0),
(849, 2, '', 'L', 4, 0, 0),
(850, 2, '', 'L', 5, 0, 0),
(851, 2, '', 'L', 6, 0, 0),
(852, 2, '', 'L', 7, 0, 0),
(853, 2, '', 'L', 8, 0, 0),
(854, 2, '', 'L', 9, 0, 0),
(855, 2, '', 'L', 10, 0, 0),
(856, 2, '', 'L', 11, 0, 0),
(857, 2, '', 'L', 12, 0, 0),
(858, 2, '', 'L', 13, 0, 0),
(859, 2, '', 'L', 14, 0, 0),
(860, 2, '', 'L', 15, 0, 0),
(861, 2, '', 'M', 1, 0, 0),
(862, 2, '', 'M', 2, 0, 0),
(863, 2, '', 'M', 3, 0, 0),
(864, 2, '', 'M', 4, 0, 0),
(865, 2, '', 'M', 5, 0, 0),
(866, 2, '', 'M', 6, 0, 0),
(867, 2, '', 'M', 7, 0, 0),
(868, 2, '', 'M', 8, 0, 0),
(869, 2, '', 'M', 9, 0, 0),
(870, 2, '', 'M', 10, 0, 0),
(871, 2, '', 'M', 11, 0, 0),
(872, 2, '', 'M', 12, 0, 0),
(873, 2, '', 'M', 13, 0, 0),
(874, 2, '', 'M', 14, 0, 0),
(875, 2, '', 'M', 15, 0, 0),
(876, 2, '', 'N', 1, 0, 0),
(877, 2, '', 'N', 2, 0, 0),
(878, 2, '', 'N', 3, 0, 0),
(879, 2, '', 'N', 4, 0, 0),
(880, 2, '', 'N', 5, 0, 0),
(881, 2, '', 'N', 6, 0, 0),
(882, 2, '', 'N', 7, 0, 0),
(883, 2, '', 'N', 8, 0, 0),
(884, 2, '', 'N', 9, 0, 0),
(885, 2, '', 'N', 10, 0, 0),
(886, 2, '', 'N', 11, 0, 0),
(887, 2, '', 'N', 12, 0, 0),
(888, 2, '', 'N', 13, 0, 0),
(889, 2, '', 'N', 14, 0, 0),
(890, 2, '', 'N', 15, 0, 0),
(891, 2, '', 'O', 1, 0, 0),
(892, 2, '', 'O', 2, 0, 0),
(893, 2, '', 'O', 3, 0, 0),
(894, 2, '', 'O', 4, 0, 0),
(895, 2, '', 'O', 5, 0, 0),
(896, 2, '', 'O', 6, 0, 0),
(897, 2, '', 'O', 7, 0, 0),
(898, 2, '', 'O', 8, 0, 0),
(899, 2, '', 'O', 9, 0, 0),
(900, 2, '', 'O', 10, 0, 0),
(901, 2, '', 'O', 11, 0, 0),
(902, 2, '', 'O', 12, 0, 0),
(903, 2, '', 'O', 13, 0, 0),
(904, 2, '', 'O', 14, 0, 0),
(905, 2, '', 'O', 15, 0, 0),
(906, 1, '', 'A', 1, 0, 0),
(907, 1, '', 'A', 2, 0, 0),
(908, 1, '', 'A', 3, 0, 0),
(909, 1, '', 'A', 4, 0, 0),
(910, 1, '', 'A', 5, 0, 0),
(911, 1, '', 'A', 6, 0, 0),
(912, 1, '', 'A', 7, 0, 0),
(913, 1, '', 'A', 8, 0, 0),
(914, 1, '', 'A', 9, 0, 0),
(915, 1, '', 'A', 10, 0, 0),
(916, 1, '', 'A', 11, 0, 0),
(917, 1, '', 'A', 12, 0, 0),
(918, 1, '', 'A', 13, 0, 0),
(919, 1, '', 'A', 14, 0, 0),
(920, 1, '', 'A', 15, 0, 0),
(921, 1, '', 'A', 16, 0, 0),
(922, 1, '', 'A', 17, 0, 0),
(923, 1, '', 'A', 18, 0, 0),
(924, 1, '', 'A', 19, 0, 0),
(925, 1, '', 'A', 20, 0, 0),
(926, 1, '', 'B', 1, 0, 0),
(927, 1, '', 'B', 2, 0, 0),
(928, 1, '', 'B', 3, 0, 0),
(929, 1, '', 'B', 4, 0, 0),
(930, 1, '', 'B', 5, 0, 0),
(931, 1, '', 'B', 6, 0, 0),
(932, 1, '', 'B', 7, 0, 0),
(933, 1, '', 'B', 8, 0, 0),
(934, 1, '', 'B', 9, 0, 0),
(935, 1, '', 'B', 10, 0, 0),
(936, 1, '', 'B', 11, 0, 0),
(937, 1, '', 'B', 12, 0, 0),
(938, 1, '', 'B', 13, 0, 0),
(939, 1, '', 'B', 14, 0, 0),
(940, 1, '', 'B', 15, 0, 0),
(941, 1, '', 'B', 16, 0, 0),
(942, 1, '', 'B', 17, 0, 0),
(943, 1, '', 'B', 18, 0, 0),
(944, 1, '', 'B', 19, 0, 0),
(945, 1, '', 'B', 20, 0, 0),
(946, 1, '', 'C', 1, 0, 0),
(947, 1, '', 'C', 2, 0, 0),
(948, 1, '', 'C', 3, 0, 0),
(949, 1, '', 'C', 4, 0, 0),
(950, 1, '', 'C', 5, 0, 0),
(951, 1, '', 'C', 6, 0, 0),
(952, 1, '', 'C', 7, 0, 0),
(953, 1, '', 'C', 8, 0, 0),
(954, 1, '', 'C', 9, 0, 0),
(955, 1, '', 'C', 10, 0, 0),
(956, 1, '', 'C', 11, 0, 0),
(957, 1, '', 'C', 12, 0, 0),
(958, 1, '', 'C', 13, 0, 0),
(959, 1, '', 'C', 14, 0, 0),
(960, 1, '', 'C', 15, 0, 0),
(961, 1, '', 'C', 16, 0, 0),
(962, 1, '', 'C', 17, 0, 0),
(963, 1, '', 'C', 18, 0, 0),
(964, 1, '', 'C', 19, 0, 0),
(965, 1, '', 'C', 20, 0, 0),
(966, 1, '', 'D', 1, 0, 0),
(967, 1, '', 'D', 2, 0, 0),
(968, 1, '', 'D', 3, 0, 0),
(969, 1, '', 'D', 4, 0, 0),
(970, 1, '', 'D', 5, 0, 0),
(971, 1, '', 'D', 6, 0, 0),
(972, 1, '', 'D', 7, 0, 0),
(973, 1, '', 'D', 8, 0, 0),
(974, 1, '', 'D', 9, 0, 0),
(975, 1, '', 'D', 10, 0, 0),
(976, 1, '', 'D', 11, 0, 0),
(977, 1, '', 'D', 12, 0, 0),
(978, 1, '', 'D', 13, 0, 0),
(979, 1, '', 'D', 14, 0, 0),
(980, 1, '', 'D', 15, 0, 0),
(981, 1, '', 'D', 16, 0, 0),
(982, 1, '', 'D', 17, 0, 0),
(983, 1, '', 'D', 18, 0, 0),
(984, 1, '', 'D', 19, 0, 0),
(985, 1, '', 'D', 20, 0, 0),
(986, 1, '', 'E', 1, 0, 0),
(987, 1, '', 'E', 2, 0, 0),
(988, 1, '', 'E', 3, 0, 0),
(989, 1, '', 'E', 4, 0, 0),
(990, 1, '', 'E', 5, 0, 0),
(991, 1, '', 'E', 6, 0, 0),
(992, 1, '', 'E', 7, 0, 0),
(993, 1, '', 'E', 8, 0, 0),
(994, 1, '', 'E', 9, 0, 0),
(995, 1, '', 'E', 10, 0, 0),
(996, 1, '', 'E', 11, 0, 0),
(997, 1, '', 'E', 12, 0, 0),
(998, 1, '', 'E', 13, 0, 0),
(999, 1, '', 'E', 14, 0, 0),
(1000, 1, '', 'E', 15, 0, 0),
(1001, 1, '', 'E', 16, 0, 0),
(1002, 1, '', 'E', 17, 0, 0),
(1003, 1, '', 'E', 18, 0, 0),
(1004, 1, '', 'E', 19, 0, 0),
(1005, 1, '', 'E', 20, 0, 0),
(1006, 1, '', 'F', 1, 0, 0),
(1007, 1, '', 'F', 2, 0, 0),
(1008, 1, '', 'F', 3, 0, 0),
(1009, 1, '', 'F', 4, 0, 0),
(1010, 1, '', 'F', 5, 0, 0),
(1011, 1, '', 'F', 6, 0, 0),
(1012, 1, '', 'F', 7, 0, 0),
(1013, 1, '', 'F', 8, 0, 0),
(1014, 1, '', 'F', 9, 0, 0),
(1015, 1, '', 'F', 10, 0, 0),
(1016, 1, '', 'F', 11, 0, 0),
(1017, 1, '', 'F', 12, 0, 0),
(1018, 1, '', 'F', 13, 0, 0),
(1019, 1, '', 'F', 14, 0, 0),
(1020, 1, '', 'F', 15, 0, 0),
(1021, 1, '', 'F', 16, 0, 0),
(1022, 1, '', 'F', 17, 0, 0),
(1023, 1, '', 'F', 18, 0, 0),
(1024, 1, '', 'F', 19, 0, 0),
(1025, 1, '', 'F', 20, 0, 0),
(1026, 1, '', 'G', 1, 0, 0),
(1027, 1, '', 'G', 2, 0, 0),
(1028, 1, '', 'G', 3, 0, 0),
(1029, 1, '', 'G', 4, 0, 0),
(1030, 1, '', 'G', 5, 0, 0),
(1031, 1, '', 'G', 6, 0, 0),
(1032, 1, '', 'G', 7, 0, 0),
(1033, 1, '', 'G', 8, 0, 0),
(1034, 1, '', 'G', 9, 0, 0),
(1035, 1, '', 'G', 10, 0, 0),
(1036, 1, '', 'G', 11, 0, 0),
(1037, 1, '', 'G', 12, 0, 0),
(1038, 1, '', 'G', 13, 0, 0),
(1039, 1, '', 'G', 14, 0, 0),
(1040, 1, '', 'G', 15, 0, 0),
(1041, 1, '', 'G', 16, 0, 0),
(1042, 1, '', 'G', 17, 0, 0),
(1043, 1, '', 'G', 18, 0, 0),
(1044, 1, '', 'G', 19, 0, 0),
(1045, 1, '', 'G', 20, 0, 0),
(1046, 1, '', 'H', 1, 0, 0),
(1047, 1, '', 'H', 2, 0, 0),
(1048, 1, '', 'H', 3, 0, 0),
(1049, 1, '', 'H', 4, 0, 0),
(1050, 1, '', 'H', 5, 0, 0),
(1051, 1, '', 'H', 6, 0, 0),
(1052, 1, '', 'H', 7, 0, 0),
(1053, 1, '', 'H', 8, 0, 0),
(1054, 1, '', 'H', 9, 0, 0),
(1055, 1, '', 'H', 10, 0, 0),
(1056, 1, '', 'H', 11, 0, 0),
(1057, 1, '', 'H', 12, 0, 0),
(1058, 1, '', 'H', 13, 0, 0),
(1059, 1, '', 'H', 14, 0, 0),
(1060, 1, '', 'H', 15, 0, 0),
(1061, 1, '', 'H', 16, 0, 0),
(1062, 1, '', 'H', 17, 0, 0),
(1063, 1, '', 'H', 18, 0, 0),
(1064, 1, '', 'H', 19, 0, 0),
(1065, 1, '', 'H', 20, 0, 0),
(1066, 1, '', 'I', 1, 0, 0),
(1067, 1, '', 'I', 2, 0, 0),
(1068, 1, '', 'I', 3, 0, 0),
(1069, 1, '', 'I', 4, 0, 0),
(1070, 1, '', 'I', 5, 0, 0),
(1071, 1, '', 'I', 6, 0, 0),
(1072, 1, '', 'I', 7, 0, 0),
(1073, 1, '', 'I', 8, 0, 0),
(1074, 1, '', 'I', 9, 0, 0),
(1075, 1, '', 'I', 10, 0, 0),
(1076, 1, '', 'I', 11, 0, 0),
(1077, 1, '', 'I', 12, 0, 0),
(1078, 1, '', 'I', 13, 0, 0),
(1079, 1, '', 'I', 14, 0, 0),
(1080, 1, '', 'I', 15, 0, 0),
(1081, 1, '', 'I', 16, 0, 0),
(1082, 1, '', 'I', 17, 0, 0),
(1083, 1, '', 'I', 18, 0, 0),
(1084, 1, '', 'I', 19, 0, 0),
(1085, 1, '', 'I', 20, 0, 0),
(1086, 1, '', 'J', 1, 0, 0),
(1087, 1, '', 'J', 2, 0, 0),
(1088, 1, '', 'J', 3, 0, 0),
(1089, 1, '', 'J', 4, 0, 0),
(1090, 1, '', 'J', 5, 0, 0),
(1091, 1, '', 'J', 6, 0, 0),
(1092, 1, '', 'J', 7, 0, 0),
(1093, 1, '', 'J', 8, 0, 0),
(1094, 1, '', 'J', 9, 0, 0),
(1095, 1, '', 'J', 10, 0, 0),
(1096, 1, '', 'J', 11, 0, 0),
(1097, 1, '', 'J', 12, 0, 0),
(1098, 1, '', 'J', 13, 0, 0),
(1099, 1, '', 'J', 14, 0, 0),
(1100, 1, '', 'J', 15, 0, 0),
(1101, 1, '', 'J', 16, 0, 0),
(1102, 1, '', 'J', 17, 0, 0),
(1103, 1, '', 'J', 18, 0, 0),
(1104, 1, '', 'J', 19, 0, 0),
(1105, 1, '', 'J', 20, 0, 0),
(1106, 1, '', 'K', 1, 0, 0),
(1107, 1, '', 'K', 2, 0, 0),
(1108, 1, '', 'K', 3, 0, 0),
(1109, 1, '', 'K', 4, 0, 0),
(1110, 1, '', 'K', 5, 0, 0),
(1111, 1, '', 'K', 6, 0, 0),
(1112, 1, '', 'K', 7, 0, 0),
(1113, 1, '', 'K', 8, 0, 0),
(1114, 1, '', 'K', 9, 0, 0),
(1115, 1, '', 'K', 10, 0, 0),
(1116, 1, '', 'K', 11, 0, 0),
(1117, 1, '', 'K', 12, 0, 0),
(1118, 1, '', 'K', 13, 0, 0),
(1119, 1, '', 'K', 14, 0, 0),
(1120, 1, '', 'K', 15, 0, 0),
(1121, 1, '', 'K', 16, 0, 0),
(1122, 1, '', 'K', 17, 0, 0),
(1123, 1, '', 'K', 18, 0, 0),
(1124, 1, '', 'K', 19, 0, 0),
(1125, 1, '', 'K', 20, 0, 0),
(1126, 1, '', 'L', 1, 0, 0),
(1127, 1, '', 'L', 2, 0, 0),
(1128, 1, '', 'L', 3, 0, 0),
(1129, 1, '', 'L', 4, 0, 0),
(1130, 1, '', 'L', 5, 0, 0),
(1131, 1, '', 'L', 6, 0, 0),
(1132, 1, '', 'L', 7, 0, 0),
(1133, 1, '', 'L', 8, 0, 0),
(1134, 1, '', 'L', 9, 0, 0),
(1135, 1, '', 'L', 10, 0, 0),
(1136, 1, '', 'L', 11, 0, 0),
(1137, 1, '', 'L', 12, 0, 0),
(1138, 1, '', 'L', 13, 0, 0),
(1139, 1, '', 'L', 14, 0, 0),
(1140, 1, '', 'L', 15, 0, 0),
(1141, 1, '', 'L', 16, 0, 0),
(1142, 1, '', 'L', 17, 0, 0),
(1143, 1, '', 'L', 18, 0, 0),
(1144, 1, '', 'L', 19, 0, 0),
(1145, 1, '', 'L', 20, 0, 0),
(1146, 1, '', 'M', 1, 0, 0),
(1147, 1, '', 'M', 2, 0, 0),
(1148, 1, '', 'M', 3, 0, 0),
(1149, 1, '', 'M', 4, 0, 0),
(1150, 1, '', 'M', 5, 0, 0),
(1151, 1, '', 'M', 6, 0, 0),
(1152, 1, '', 'M', 7, 0, 0),
(1153, 1, '', 'M', 8, 0, 0),
(1154, 1, '', 'M', 9, 0, 0),
(1155, 1, '', 'M', 10, 0, 0),
(1156, 1, '', 'M', 11, 0, 0),
(1157, 1, '', 'M', 12, 0, 0),
(1158, 1, '', 'M', 13, 0, 0),
(1159, 1, '', 'M', 14, 0, 0),
(1160, 1, '', 'M', 15, 0, 0),
(1161, 1, '', 'M', 16, 0, 0),
(1162, 1, '', 'M', 17, 0, 0),
(1163, 1, '', 'M', 18, 0, 0),
(1164, 1, '', 'M', 19, 0, 0),
(1165, 1, '', 'M', 20, 0, 0),
(1391, 5, '', 'A', 1, 0, 0),
(1392, 5, '', 'A', 2, 0, 0),
(1393, 5, '', 'A', 3, 0, 0),
(1394, 5, '', 'A', 4, 0, 0),
(1395, 5, '', 'A', 5, 0, 0),
(1396, 5, '', 'A', 6, 0, 0),
(1397, 5, '', 'A', 7, 0, 0),
(1398, 5, '', 'A', 8, 0, 0),
(1399, 5, '', 'A', 9, 0, 0),
(1400, 5, '', 'A', 10, 0, 0),
(1401, 5, '', 'A', 11, 0, 0),
(1402, 5, '', 'A', 12, 0, 0),
(1403, 5, '', 'A', 13, 0, 0),
(1404, 5, '', 'A', 14, 0, 0),
(1405, 5, '', 'A', 15, 0, 0),
(1406, 5, '', 'A', 16, 0, 0),
(1407, 5, '', 'A', 17, 0, 0),
(1408, 5, '', 'A', 18, 0, 0),
(1409, 5, '', 'A', 19, 0, 0),
(1410, 5, '', 'A', 20, 0, 0),
(1411, 5, '', 'B', 1, 0, 0),
(1412, 5, '', 'B', 2, 0, 0),
(1413, 5, '', 'B', 3, 0, 0),
(1414, 5, '', 'B', 4, 0, 0),
(1415, 5, '', 'B', 5, 0, 0),
(1416, 5, '', 'B', 6, 0, 0),
(1417, 5, '', 'B', 7, 0, 0),
(1418, 5, '', 'B', 8, 0, 0),
(1419, 5, '', 'B', 9, 0, 0),
(1420, 5, '', 'B', 10, 0, 0),
(1421, 5, '', 'B', 11, 0, 0),
(1422, 5, '', 'B', 12, 0, 0),
(1423, 5, '', 'B', 13, 0, 0),
(1424, 5, '', 'B', 14, 0, 0),
(1425, 5, '', 'B', 15, 0, 0),
(1426, 5, '', 'B', 16, 0, 0),
(1427, 5, '', 'B', 17, 0, 0),
(1428, 5, '', 'B', 18, 0, 0),
(1429, 5, '', 'B', 19, 0, 0),
(1430, 5, '', 'B', 20, 0, 0),
(1431, 5, '', 'C', 1, 0, 0),
(1432, 5, '', 'C', 2, 0, 0),
(1433, 5, '', 'C', 3, 0, 0),
(1434, 5, '', 'C', 4, 0, 0),
(1435, 5, '', 'C', 5, 0, 0),
(1436, 5, '', 'C', 6, 0, 0),
(1437, 5, '', 'C', 7, 0, 0),
(1438, 5, '', 'C', 8, 0, 0),
(1439, 5, '', 'C', 9, 0, 0),
(1440, 5, '', 'C', 10, 0, 0),
(1441, 5, '', 'C', 11, 0, 0),
(1442, 5, '', 'C', 12, 0, 0),
(1443, 5, '', 'C', 13, 0, 0),
(1444, 5, '', 'C', 14, 0, 0),
(1445, 5, '', 'C', 15, 0, 0),
(1446, 5, '', 'C', 16, 0, 0),
(1447, 5, '', 'C', 17, 0, 0),
(1448, 5, '', 'C', 18, 0, 0),
(1449, 5, '', 'C', 19, 0, 0),
(1450, 5, '', 'C', 20, 0, 0),
(1451, 5, '', 'D', 1, 0, 0),
(1452, 5, '', 'D', 2, 0, 0),
(1453, 5, '', 'D', 3, 0, 0),
(1454, 5, '', 'D', 4, 0, 0),
(1455, 5, '', 'D', 5, 0, 0),
(1456, 5, '', 'D', 6, 0, 0),
(1457, 5, '', 'D', 7, 0, 0),
(1458, 5, '', 'D', 8, 0, 0),
(1459, 5, '', 'D', 9, 0, 0),
(1460, 5, '', 'D', 10, 0, 0),
(1461, 5, '', 'D', 11, 0, 0),
(1462, 5, '', 'D', 12, 0, 0),
(1463, 5, '', 'D', 13, 0, 0),
(1464, 5, '', 'D', 14, 0, 0),
(1465, 5, '', 'D', 15, 0, 0),
(1466, 5, '', 'D', 16, 0, 0),
(1467, 5, '', 'D', 17, 0, 0),
(1468, 5, '', 'D', 18, 0, 0),
(1469, 5, '', 'D', 19, 0, 0),
(1470, 5, '', 'D', 20, 0, 0),
(1471, 5, '', 'E', 1, 0, 0),
(1472, 5, '', 'E', 2, 0, 0),
(1473, 5, '', 'E', 3, 0, 0),
(1474, 5, '', 'E', 4, 0, 0),
(1475, 5, '', 'E', 5, 0, 0),
(1476, 5, '', 'E', 6, 0, 0),
(1477, 5, '', 'E', 7, 0, 0),
(1478, 5, '', 'E', 8, 0, 0),
(1479, 5, '', 'E', 9, 0, 0),
(1480, 5, '', 'E', 10, 0, 0),
(1481, 5, '', 'E', 11, 0, 0),
(1482, 5, '', 'E', 12, 0, 0),
(1483, 5, '', 'E', 13, 0, 0),
(1484, 5, '', 'E', 14, 0, 0),
(1485, 5, '', 'E', 15, 0, 0),
(1486, 5, '', 'E', 16, 0, 0),
(1487, 5, '', 'E', 17, 0, 0),
(1488, 5, '', 'E', 18, 0, 0),
(1489, 5, '', 'E', 19, 0, 0),
(1490, 5, '', 'E', 20, 0, 0),
(1491, 5, '', 'F', 1, 0, 0),
(1492, 5, '', 'F', 2, 0, 0),
(1493, 5, '', 'F', 3, 0, 0),
(1494, 5, '', 'F', 4, 0, 0),
(1495, 5, '', 'F', 5, 0, 0),
(1496, 5, '', 'F', 6, 0, 0),
(1497, 5, '', 'F', 7, 0, 0),
(1498, 5, '', 'F', 8, 0, 0),
(1499, 5, '', 'F', 9, 0, 0),
(1500, 5, '', 'F', 10, 0, 0),
(1501, 5, '', 'F', 11, 0, 0),
(1502, 5, '', 'F', 12, 0, 0),
(1503, 5, '', 'F', 13, 0, 0),
(1504, 5, '', 'F', 14, 0, 0),
(1505, 5, '', 'F', 15, 0, 0),
(1506, 5, '', 'F', 16, 0, 0),
(1507, 5, '', 'F', 17, 0, 0),
(1508, 5, '', 'F', 18, 0, 0),
(1509, 5, '', 'F', 19, 0, 0),
(1510, 5, '', 'F', 20, 0, 0),
(1511, 5, '', 'G', 1, 0, 0),
(1512, 5, '', 'G', 2, 0, 0),
(1513, 5, '', 'G', 3, 0, 0),
(1514, 5, '', 'G', 4, 0, 0),
(1515, 5, '', 'G', 5, 0, 0),
(1516, 5, '', 'G', 6, 0, 0),
(1517, 5, '', 'G', 7, 0, 0),
(1518, 5, '', 'G', 8, 0, 0),
(1519, 5, '', 'G', 9, 0, 0),
(1520, 5, '', 'G', 10, 0, 0),
(1521, 5, '', 'G', 11, 0, 0),
(1522, 5, '', 'G', 12, 0, 0),
(1523, 5, '', 'G', 13, 0, 0),
(1524, 5, '', 'G', 14, 0, 0),
(1525, 5, '', 'G', 15, 0, 0),
(1526, 5, '', 'G', 16, 0, 0),
(1527, 5, '', 'G', 17, 0, 0),
(1528, 5, '', 'G', 18, 0, 0),
(1529, 5, '', 'G', 19, 0, 0),
(1530, 5, '', 'G', 20, 0, 0),
(1531, 3, '', 'A', 1, 0, 0),
(1532, 3, '', 'A', 2, 0, 0),
(1533, 3, '', 'A', 3, 0, 0),
(1534, 3, '', 'A', 4, 0, 0),
(1535, 3, '', 'A', 5, 0, 0),
(1536, 3, '', 'A', 6, 0, 0),
(1537, 3, '', 'A', 7, 0, 0),
(1538, 3, '', 'A', 8, 0, 0),
(1539, 3, '', 'A', 9, 0, 0),
(1540, 3, '', 'A', 10, 0, 0),
(1541, 3, '', 'A', 11, 0, 0),
(1542, 3, '', 'A', 12, 0, 0),
(1543, 3, '', 'A', 13, 0, 0),
(1544, 3, '', 'A', 14, 0, 0),
(1545, 3, '', 'A', 15, 0, 0),
(1546, 3, '', 'A', 16, 0, 0),
(1547, 3, '', 'A', 17, 0, 0),
(1548, 3, '', 'A', 18, 0, 0),
(1549, 3, '', 'A', 19, 0, 0),
(1550, 3, '', 'A', 20, 0, 0),
(1551, 3, '', 'B', 1, 0, 0),
(1552, 3, '', 'B', 2, 0, 0),
(1553, 3, '', 'B', 3, 0, 0),
(1554, 3, '', 'B', 4, 0, 0),
(1555, 3, '', 'B', 5, 0, 0),
(1556, 3, '', 'B', 6, 0, 0),
(1557, 3, '', 'B', 7, 0, 0),
(1558, 3, '', 'B', 8, 0, 0),
(1559, 3, '', 'B', 9, 0, 0),
(1560, 3, '', 'B', 10, 0, 0),
(1561, 3, '', 'B', 11, 0, 0),
(1562, 3, '', 'B', 12, 0, 0),
(1563, 3, '', 'B', 13, 0, 0),
(1564, 3, '', 'B', 14, 0, 0),
(1565, 3, '', 'B', 15, 0, 0),
(1566, 3, '', 'B', 16, 0, 0),
(1567, 3, '', 'B', 17, 0, 0),
(1568, 3, '', 'B', 18, 0, 0),
(1569, 3, '', 'B', 19, 0, 0),
(1570, 3, '', 'B', 20, 0, 0),
(1571, 3, '', 'C', 1, 0, 0),
(1572, 3, '', 'C', 2, 0, 0),
(1573, 3, '', 'C', 3, 0, 0),
(1574, 3, '', 'C', 4, 0, 0),
(1575, 3, '', 'C', 5, 0, 0),
(1576, 3, '', 'C', 6, 0, 0),
(1577, 3, '', 'C', 7, 0, 0),
(1578, 3, '', 'C', 8, 0, 0),
(1579, 3, '', 'C', 9, 0, 0),
(1580, 3, '', 'C', 10, 0, 0),
(1581, 3, '', 'C', 11, 0, 0),
(1582, 3, '', 'C', 12, 0, 0),
(1583, 3, '', 'C', 13, 0, 0),
(1584, 3, '', 'C', 14, 0, 0),
(1585, 3, '', 'C', 15, 0, 0),
(1586, 3, '', 'C', 16, 0, 0),
(1587, 3, '', 'C', 17, 0, 0),
(1588, 3, '', 'C', 18, 0, 0),
(1589, 3, '', 'C', 19, 0, 0),
(1590, 3, '', 'C', 20, 0, 0),
(1591, 3, '', 'D', 1, 0, 0),
(1592, 3, '', 'D', 2, 0, 0),
(1593, 3, '', 'D', 3, 0, 0),
(1594, 3, '', 'D', 4, 0, 0),
(1595, 3, '', 'D', 5, 0, 0),
(1596, 3, '', 'D', 6, 0, 0),
(1597, 3, '', 'D', 7, 0, 0),
(1598, 3, '', 'D', 8, 0, 0),
(1599, 3, '', 'D', 9, 0, 0),
(1600, 3, '', 'D', 10, 0, 0),
(1601, 3, '', 'D', 11, 0, 0),
(1602, 3, '', 'D', 12, 0, 0),
(1603, 3, '', 'D', 13, 0, 0),
(1604, 3, '', 'D', 14, 0, 0),
(1605, 3, '', 'D', 15, 0, 0),
(1606, 3, '', 'D', 16, 0, 0),
(1607, 3, '', 'D', 17, 0, 0),
(1608, 3, '', 'D', 18, 0, 0),
(1609, 3, '', 'D', 19, 0, 0),
(1610, 3, '', 'D', 20, 0, 0),
(1611, 3, '', 'E', 1, 0, 0),
(1612, 3, '', 'E', 2, 0, 0),
(1613, 3, '', 'E', 3, 0, 0),
(1614, 3, '', 'E', 4, 0, 0),
(1615, 3, '', 'E', 5, 0, 0),
(1616, 3, '', 'E', 6, 0, 0),
(1617, 3, '', 'E', 7, 0, 0),
(1618, 3, '', 'E', 8, 0, 0),
(1619, 3, '', 'E', 9, 0, 0),
(1620, 3, '', 'E', 10, 0, 0),
(1621, 3, '', 'E', 11, 0, 0),
(1622, 3, '', 'E', 12, 0, 0),
(1623, 3, '', 'E', 13, 0, 0),
(1624, 3, '', 'E', 14, 0, 0),
(1625, 3, '', 'E', 15, 0, 0),
(1626, 3, '', 'E', 16, 0, 0),
(1627, 3, '', 'E', 17, 0, 0),
(1628, 3, '', 'E', 18, 0, 0),
(1629, 3, '', 'E', 19, 0, 0),
(1630, 3, '', 'E', 20, 0, 0),
(1631, 3, '', 'F', 1, 0, 0),
(1632, 3, '', 'F', 2, 0, 0),
(1633, 3, '', 'F', 3, 0, 0),
(1634, 3, '', 'F', 4, 0, 0),
(1635, 3, '', 'F', 5, 0, 0),
(1636, 3, '', 'F', 6, 0, 0),
(1637, 3, '', 'F', 7, 0, 0),
(1638, 3, '', 'F', 8, 0, 0),
(1639, 3, '', 'F', 9, 0, 0),
(1640, 3, '', 'F', 10, 0, 0),
(1641, 3, '', 'F', 11, 0, 0),
(1642, 3, '', 'F', 12, 0, 0),
(1643, 3, '', 'F', 13, 0, 0),
(1644, 3, '', 'F', 14, 0, 0),
(1645, 3, '', 'F', 15, 0, 0),
(1646, 3, '', 'F', 16, 0, 0),
(1647, 3, '', 'F', 17, 0, 0),
(1648, 3, '', 'F', 18, 0, 0),
(1649, 3, '', 'F', 19, 0, 0),
(1650, 3, '', 'F', 20, 0, 0),
(1651, 3, '', 'G', 1, 0, 0),
(1652, 3, '', 'G', 2, 0, 0),
(1653, 3, '', 'G', 3, 0, 0),
(1654, 3, '', 'G', 4, 0, 0),
(1655, 3, '', 'G', 5, 0, 0),
(1656, 3, '', 'G', 6, 0, 0),
(1657, 3, '', 'G', 7, 0, 0),
(1658, 3, '', 'G', 8, 0, 0),
(1659, 3, '', 'G', 9, 0, 0),
(1660, 3, '', 'G', 10, 0, 0),
(1661, 3, '', 'G', 11, 0, 0),
(1662, 3, '', 'G', 12, 0, 0),
(1663, 3, '', 'G', 13, 0, 0),
(1664, 3, '', 'G', 14, 0, 0),
(1665, 3, '', 'G', 15, 0, 0),
(1666, 3, '', 'G', 16, 0, 0),
(1667, 3, '', 'G', 17, 0, 0),
(1668, 3, '', 'G', 18, 0, 0),
(1669, 3, '', 'G', 19, 0, 0),
(1670, 3, '', 'G', 20, 0, 0),
(1671, 3, '', 'H', 1, 0, 0),
(1672, 3, '', 'H', 2, 0, 0),
(1673, 3, '', 'H', 3, 0, 0),
(1674, 3, '', 'H', 4, 0, 0),
(1675, 3, '', 'H', 5, 0, 0),
(1676, 3, '', 'H', 6, 0, 0),
(1677, 3, '', 'H', 7, 0, 0),
(1678, 3, '', 'H', 8, 0, 0),
(1679, 3, '', 'H', 9, 0, 0),
(1680, 3, '', 'H', 10, 0, 0),
(1681, 3, '', 'H', 11, 0, 0),
(1682, 3, '', 'H', 12, 0, 0),
(1683, 3, '', 'H', 13, 0, 0),
(1684, 3, '', 'H', 14, 0, 0),
(1685, 3, '', 'H', 15, 0, 0),
(1686, 3, '', 'H', 16, 0, 0),
(1687, 3, '', 'H', 17, 0, 0),
(1688, 3, '', 'H', 18, 0, 0),
(1689, 3, '', 'H', 19, 0, 0),
(1690, 3, '', 'H', 20, 0, 0),
(1691, 3, '', 'I', 1, 0, 0),
(1692, 3, '', 'I', 2, 0, 0),
(1693, 3, '', 'I', 3, 0, 0),
(1694, 3, '', 'I', 4, 0, 0),
(1695, 3, '', 'I', 5, 0, 0),
(1696, 3, '', 'I', 6, 0, 0),
(1697, 3, '', 'I', 7, 0, 0),
(1698, 3, '', 'I', 8, 0, 0),
(1699, 3, '', 'I', 9, 0, 0),
(1700, 3, '', 'I', 10, 0, 0),
(1701, 3, '', 'I', 11, 0, 0),
(1702, 3, '', 'I', 12, 0, 0),
(1703, 3, '', 'I', 13, 0, 0),
(1704, 3, '', 'I', 14, 0, 0),
(1705, 3, '', 'I', 15, 0, 0),
(1706, 3, '', 'I', 16, 0, 0),
(1707, 3, '', 'I', 17, 0, 0),
(1708, 3, '', 'I', 18, 0, 0),
(1709, 3, '', 'I', 19, 0, 0),
(1710, 3, '', 'I', 20, 0, 0),
(1711, 3, '', 'J', 1, 0, 0),
(1712, 3, '', 'J', 2, 0, 0),
(1713, 3, '', 'J', 3, 0, 0),
(1714, 3, '', 'J', 4, 0, 0),
(1715, 3, '', 'J', 5, 0, 0),
(1716, 3, '', 'J', 6, 0, 0),
(1717, 3, '', 'J', 7, 0, 0),
(1718, 3, '', 'J', 8, 0, 0),
(1719, 3, '', 'J', 9, 0, 0),
(1720, 3, '', 'J', 10, 0, 0),
(1721, 3, '', 'J', 11, 0, 0),
(1722, 3, '', 'J', 12, 0, 0),
(1723, 3, '', 'J', 13, 0, 0),
(1724, 3, '', 'J', 14, 0, 0),
(1725, 3, '', 'J', 15, 0, 0),
(1726, 3, '', 'J', 16, 0, 0),
(1727, 3, '', 'J', 17, 0, 0),
(1728, 3, '', 'J', 18, 0, 0),
(1729, 3, '', 'J', 19, 0, 0),
(1730, 3, '', 'J', 20, 0, 0),
(1731, 3, '', 'K', 1, 0, 0),
(1732, 3, '', 'K', 2, 0, 0),
(1733, 3, '', 'K', 3, 0, 0),
(1734, 3, '', 'K', 4, 0, 0),
(1735, 3, '', 'K', 5, 0, 0),
(1736, 3, '', 'K', 6, 0, 0),
(1737, 3, '', 'K', 7, 0, 0),
(1738, 3, '', 'K', 8, 0, 0),
(1739, 3, '', 'K', 9, 0, 0),
(1740, 3, '', 'K', 10, 0, 0),
(1741, 3, '', 'K', 11, 0, 0),
(1742, 3, '', 'K', 12, 0, 0),
(1743, 3, '', 'K', 13, 0, 0),
(1744, 3, '', 'K', 14, 0, 0),
(1745, 3, '', 'K', 15, 0, 0),
(1746, 3, '', 'K', 16, 0, 0),
(1747, 3, '', 'K', 17, 0, 0),
(1748, 3, '', 'K', 18, 0, 0),
(1749, 3, '', 'K', 19, 0, 0),
(1750, 3, '', 'K', 20, 0, 0),
(1751, 3, '', 'L', 1, 0, 0),
(1752, 3, '', 'L', 2, 0, 0),
(1753, 3, '', 'L', 3, 0, 0),
(1754, 3, '', 'L', 4, 0, 0),
(1755, 3, '', 'L', 5, 0, 0),
(1756, 3, '', 'L', 6, 0, 0),
(1757, 3, '', 'L', 7, 0, 0),
(1758, 3, '', 'L', 8, 0, 0),
(1759, 3, '', 'L', 9, 0, 0),
(1760, 3, '', 'L', 10, 0, 0),
(1761, 3, '', 'L', 11, 0, 0),
(1762, 3, '', 'L', 12, 0, 0),
(1763, 3, '', 'L', 13, 0, 0),
(1764, 3, '', 'L', 14, 0, 0),
(1765, 3, '', 'L', 15, 0, 0),
(1766, 3, '', 'L', 16, 0, 0),
(1767, 3, '', 'L', 17, 0, 0),
(1768, 3, '', 'L', 18, 0, 0),
(1769, 3, '', 'L', 19, 0, 0),
(1770, 3, '', 'L', 20, 0, 0),
(1771, 3, '', 'M', 1, 0, 0),
(1772, 3, '', 'M', 2, 0, 0),
(1773, 3, '', 'M', 3, 0, 0),
(1774, 3, '', 'M', 4, 0, 0),
(1775, 3, '', 'M', 5, 0, 0),
(1776, 3, '', 'M', 6, 0, 0),
(1777, 3, '', 'M', 7, 0, 0),
(1778, 3, '', 'M', 8, 0, 0),
(1779, 3, '', 'M', 9, 0, 0),
(1780, 3, '', 'M', 10, 0, 0),
(1781, 3, '', 'M', 11, 0, 0),
(1782, 3, '', 'M', 12, 0, 0),
(1783, 3, '', 'M', 13, 0, 0),
(1784, 3, '', 'M', 14, 0, 0),
(1785, 3, '', 'M', 15, 0, 0),
(1786, 3, '', 'M', 16, 0, 0),
(1787, 3, '', 'M', 17, 0, 0),
(1788, 3, '', 'M', 18, 0, 0),
(1789, 3, '', 'M', 19, 0, 0),
(1790, 3, '', 'M', 20, 0, 0);

-- --------------------------------------------------------

--
-- Struttura della tabella `proiezioni`
--

CREATE TABLE `proiezioni` (
  `idproiezione` int(15) NOT NULL,
  `idfilm` int(11) NOT NULL,
  `idsala` int(11) NOT NULL,
  `datap` date NOT NULL,
  `orario` time NOT NULL
) ENGINE=InnoDB DEFAULT CHARSET=utf8mb4 COLLATE=utf8mb4_general_ci;

--
-- Dump dei dati per la tabella `proiezioni`
--

INSERT INTO `proiezioni` (`idproiezione`, `idfilm`, `idsala`, `datap`, `orario`) VALUES
(1, 1, 1, '2023-11-16', '21:00:00'),
(2, 1, 3, '2023-11-14', '21:00:00'),
(3, 1, 1, '2023-11-19', '17:00:00'),
(4, 2, 3, '2023-11-17', '21:00:00'),
(5, 2, 2, '2023-11-16', '21:00:00'),
(6, 2, 2, '2023-11-17', '21:00:00'),
(7, 3, 2, '2023-11-19', '17:00:00'),
(8, 4, 1, '2023-11-18', '21:00:00'),
(9, 3, 3, '2023-11-18', '21:00:00'),
(10, 1, 3, '2023-11-13', '21:00:00'),
(11, 5, 2, '2023-09-15', '17:00:00'),
(12, 6, 3, '2023-08-23', '21:00:00'),
(13, 7, 1, '2023-11-13', '21:00:00'),
(16, 0, 0, '0000-00-00', '00:00:00'),
(17, 0, 0, '0000-00-00', '00:00:00'),
(18, 0, 0, '0000-00-00', '00:00:00'),
(19, 0, 0, '0000-00-00', '00:00:00'),
(20, 0, 0, '0000-00-00', '00:00:00'),
(21, 0, 0, '0000-00-00', '00:00:00'),
(24, 4, 3, '2024-01-06', '21:00:00'),
(25, 4, 2, '2024-01-07', '17:00:00'),
(26, 2, 1, '2024-01-08', '21:00:00'),
(27, 3, 2, '2024-01-05', '17:00:00'),
(28, 5, 3, '2024-01-05', '17:00:00'),
(29, 1, 1, '2024-01-15', '21:00:00'),
(30, 4, 1, '2024-01-06', '21:00:00'),
(31, 4, 3, '2024-01-07', '21:00:00'),
(32, 3, 2, '2024-01-06', '21:00:00'),
(33, 2, 3, '2024-01-07', '17:00:00'),
(34, 4, 2, '2024-01-27', '17:00:00'),
(37, 3, 3, '2024-01-28', '17:00:00'),
(39, 9, 1, '2024-01-31', '21:00:00');

-- --------------------------------------------------------

--
-- Struttura della tabella `prossimamente`
--

CREATE TABLE `prossimamente` (
  `id_film` int(6) NOT NULL,
  `titolo_film` varchar(100) NOT NULL,
  `regista_film` varchar(100) NOT NULL,
  `genere_film` varchar(100) DEFAULT NULL,
  `anno_uscita` varchar(10) DEFAULT NULL,
  `descrizione` varchar(300) DEFAULT NULL,
  `trailer` varchar(100) DEFAULT NULL,
  `locandina` varchar(100) DEFAULT NULL
) ENGINE=InnoDB DEFAULT CHARSET=utf8mb4 COLLATE=utf8mb4_general_ci;

--
-- Dump dei dati per la tabella `prossimamente`
--

INSERT INTO `prossimamente` (`id_film`, `titolo_film`, `regista_film`, `genere_film`, `anno_uscita`, `descrizione`, `trailer`, `locandina`) VALUES
(1, 'Garfield: Una Missione Gustosa', 'Mark Dindal', 'animazione', '2024', 'In questa nuova avventura, dopo un inaspettato incontro con il padre perduto da tempo, il trasandato gatto di strada Vic, Garfield e il suo amico canino Odie sono costretti a lasciare la loro vita piena di comodità per unirsi a Vic in una rapina ad alto rischio.', 'https://youtu.be/FiTUp0SU1f0?si=ZBhh0CJk_p9_V0WZ', 'Garfield.png'),
(2, 'Mean Girls', 'Arturo Perez Jr. and Samantha Jayne', 'commedia, musicale', '2024', 'Cady Heron riesce a integrarsi nel suo nuovo liceo ed entra a far parte della cricca di ragazze di prima qualità, le Plastics. Poi, però, commette il tragico errore di innamorarsi di Aaron Samuels, ex fidanzato di Regina George.', 'https://youtu.be/fFtdbEgnUOk?si=L6MItsJwSYWo6ZxJ', 'mean-girls.png'),
(3, 'Argylle', 'Matthew Vaughn', 'spionaggio, azione', '2024', 'Elly Conway, una solitaria scrittrice di best-seller di spionaggio, gradisce passare le serate davanti al computer in compagnia del suo gatto Alfie. Si ritroverà catapultata nel vero mondo dello spionaggio quando le trame dei suoi libri, incentrati su Argylle, un agente segreto, inizieranno a divent', 'https://youtu.be/7mgu9mNZ8Hk?si=qBKDZ0Jbrle9wYeL', 'Argylle.png'),
(4, 'Arthur the King', 'Simon Cellan Jones', 'drama, azione', '2024', 'Un campione di raid - le cui gare prevedono un viaggio avventuroso con destinazione prefissata che comporta la percorrenza di una lunga distanza - adotta un cane randagio di nome Arthur, che si unisce a lui in una gara di resistenza.', 'https://youtu.be/wjDJNEPghNY?si=rNm9ubF8iudZ1W4B', 'arthur-the-king.png'),
(5, 'Joker: Folie à Deux', 'Todd Phillips', 'thriller psicologico musicale', '2024', 'Sequel di Joker; un musical ambientato principalmente all’Arkham Asylum e si concentrerà sul tempo trascorso da Joker nell’iconico manicomio criminale.', 'https://youtu.be/03ymBj144ng?si=64Qni2C8o1RFj_zF', 'joker-2.png'),
(6, 'Beetlejuice 2', 'Tim Burton', 'thriller, fantasy', '2024', NULL, 'https://youtu.be/llnuyh1wo8A?si=4c_ibI70GMIMhlRK', 'beetlejuice-2.png');

-- --------------------------------------------------------

--
-- Struttura della tabella `sale`
--

CREATE TABLE `sale` (
  `idsala` int(11) NOT NULL,
  `descrizione` mediumtext DEFAULT NULL,
  `posti` int(11) NOT NULL,
  `posti_speciali` int(11) NOT NULL,
  `fila` int(11) NOT NULL,
  `posti_fila` int(11) NOT NULL,
  `tecnologia` varchar(100) DEFAULT NULL
) ENGINE=InnoDB DEFAULT CHARSET=utf8mb4 COLLATE=utf8mb4_general_ci;

--
-- Dump dei dati per la tabella `sale`
--

INSERT INTO `sale` (`idsala`, `descrizione`, `posti`, `posti_speciali`, `fila`, `posti_fila`, `tecnologia`) VALUES
(1, 'Sala digitale A', 20, 4, 4, 5, 'Dolby Digital 3D, SDDS, DTS'),
(2, 'Sala digitale B', 20, 4, 4, 5, 'Dolby Digital EX, SDDS, DTS'),
(3, 'Sala digitale C', 25, 4, 5, 5, 'Dolby Digital EX, SDDS, DTS');

-- --------------------------------------------------------

--
-- Struttura della tabella `sale_layout`
--

CREATE TABLE `sale_layout` (
  `idsala` int(11) NOT NULL,
  `categoria` varchar(50) DEFAULT NULL,
  `fila` char(1) NOT NULL,
  `label` varchar(4) NOT NULL,
  `numero` int(11) NOT NULL,
  `speciale` tinyint(1) NOT NULL
) ENGINE=InnoDB DEFAULT CHARSET=utf8 COLLATE=utf8_general_ci;

--
-- Dump dei dati per la tabella `sale_layout`
--

INSERT INTO `sale_layout` (`idsala`, `categoria`, `fila`, `label`, `numero`, `speciale`) VALUES
(1, '', 'A', 'A1', 1, 0),
(1, '', 'A', 'A2', 2, 0),
(1, '', 'A', 'A3', 3, 0),
(1, '', 'A', 'A4', 4, 0),
(1, '', 'A', 'A5', 5, 0),
(1, '', 'B', 'B1', 1, 0),
(1, '', 'B', 'B2', 2, 0),
(1, '', 'B', 'B3', 3, 0),
(1, '', 'B', 'B4', 4, 0),
(1, '', 'B', 'B5', 5, 0),
(1, '', 'C', 'C1', 1, 0),
(1, '', 'C', 'C2', 2, 0),
(1, '', 'C', 'C3', 3, 0),
(1, '', 'C', 'C4', 4, 0),
(1, '', 'C', 'C5', 5, 0),
(1, '', 'D', 'D1', 1, 0),
(1, '', 'D', 'D2', 2, 0),
(1, '', 'D', 'D3', 3, 0),
(1, '', 'D', 'D4', 4, 0),
(1, '', 'D', 'D5', 5, 0),
(2, '', 'A', 'A1', 1, 0),
(2, '', 'A', 'A2', 2, 0),
(2, '', 'A', 'A3', 3, 0),
(2, '', 'A', 'A4', 4, 0),
(2, '', 'A', 'A5', 5, 0),
(2, '', 'B', 'B1', 1, 0),
(2, '', 'B', 'B2', 2, 0),
(2, '', 'B', 'B3', 3, 0),
(2, '', 'B', 'B4', 4, 0),
(2, '', 'B', 'B5', 5, 0),
(2, '', 'C', 'C1', 1, 0),
(2, '', 'C', 'C2', 2, 0),
(2, '', 'C', 'C3', 3, 0),
(2, '', 'C', 'C4', 4, 0),
(2, '', 'C', 'C5', 5, 0),
(2, '', 'D', 'D1', 1, 0),
(2, '', 'D', 'D2', 2, 0),
(2, '', 'D', 'D3', 3, 0),
(2, '', 'D', 'D4', 4, 0),
(2, '', 'D', 'D5', 5, 0),
(3, '', 'A', 'A1', 1, 0),
(3, '', 'A', 'A2', 2, 0),
(3, '', 'A', 'A3', 3, 0),
(3, '', 'A', 'A4', 4, 0),
(3, '', 'A', 'A5', 5, 0),
(3, '', 'B', 'B1', 1, 0),
(3, '', 'B', 'B2', 2, 0),
(3, '', 'B', 'B3', 3, 0),
(3, '', 'B', 'B4', 4, 0),
(3, '', 'B', 'B5', 5, 0),
(3, '', 'C', 'C1', 1, 0),
(3, '', 'C', 'C2', 2, 0),
(3, '', 'C', 'C3', 3, 0),
(3, '', 'C', 'C4', 4, 0),
(3, '', 'C', 'C5', 5, 0),
(3, '', 'D', 'D1', 1, 0),
(3, '', 'D', 'D2', 2, 0),
(3, '', 'D', 'D3', 3, 0),
(3, '', 'D', 'D4', 4, 0),
(3, '', 'D', 'D5', 5, 0),
(3, '', 'E', 'E1', 1, 0),
(3, '', 'E', 'E2', 2, 0),
(3, '', 'E', 'E3', 3, 0),
(3, '', 'E', 'E4', 4, 0),
(3, '', 'E', 'E5', 5, 0);

-- --------------------------------------------------------

--
-- Struttura della tabella `tariffe`
--

CREATE TABLE `tariffe` (
  `idtariffa` int(11) NOT NULL,
  `tipo_tariffa` varchar(100) NOT NULL,
  `descrizione` varchar(100) DEFAULT NULL,
  `validità` varchar(100) NOT NULL,
  `prezzo` float NOT NULL
) ENGINE=InnoDB DEFAULT CHARSET=utf8mb4 COLLATE=utf8mb4_general_ci;

--
-- Dump dei dati per la tabella `tariffe`
--

INSERT INTO `tariffe` (`idtariffa`, `tipo_tariffa`, `descrizione`, `validità`, `prezzo`) VALUES
(1, 'Biglietto Intero', 'NULL', 'Tutto il giorno', 8.5),
(2, 'Biglietto Ridotto', 'Bambini fino ai 12 anni, Over 60, Militari, Invalidi, Giornalisti', 'Tutti i giorni', 6.5),
(3, 'Intero 3D', 'Proiezioni 3D', 'Tutto il giorno', 10.5),
(4, 'Ridotto 3D', 'Proiezioni 3D', 'Tutto il giorno', 6.5),
(5, 'Universitari', 'NULL', 'Ogni lunedì, esclusi festivi e prefestivi', 5.5),
(6, 'Ridotto Mercoledì', 'NULL', 'Esclusi festivi e prefestivi', 6.5);

-- --------------------------------------------------------

--
-- Struttura della tabella `temp`
--

CREATE TABLE `temp` (
  `id` int(11) NOT NULL,
  `importo` float NOT NULL,
  `posti` varchar(255) NOT NULL,
  `id_proiezione` int(11) NOT NULL
) ENGINE=InnoDB DEFAULT CHARSET=utf8mb4 COLLATE=utf8mb4_general_ci;

--
-- Dump dei dati per la tabella `temp`
--

INSERT INTO `temp` (`id`, `importo`, `posti`, `id_proiezione`) VALUES
(1, 17, 'K5, K6', 2);

-- --------------------------------------------------------

--
-- Struttura della tabella `tipo_pagamenti`
--

CREATE TABLE `tipo_pagamenti` (
  `idtipo_pagamento` int(11) NOT NULL,
  `Descrizione` varchar(100) NOT NULL,
  `Circuito` varchar(100) DEFAULT NULL
) ENGINE=InnoDB DEFAULT CHARSET=utf8mb4 COLLATE=utf8mb4_general_ci;

--
-- Dump dei dati per la tabella `tipo_pagamenti`
--

INSERT INTO `tipo_pagamenti` (`idtipo_pagamento`, `Descrizione`, `Circuito`) VALUES
(1, 'Carta di Credito', 'VISA'),
(2, 'Carta di Credito', 'MasterCard'),
(3, 'Carta di Credito', 'American Express'),
(4, 'Carta di Credito', 'Diners Club'),
(5, 'Carta di Debito', 'Bancomat'),
(6, 'Paypal', 'NULL'),
(7, 'Altro', 'NULL');

-- --------------------------------------------------------

--
-- Struttura della tabella `utente`
--

CREATE TABLE `utente` (
  `idutente` int(11) NOT NULL,
  `email` varchar(100) NOT NULL,
  `password` varchar(100) NOT NULL,
  `nome` varchar(100) NOT NULL,
  `cognome` varchar(100) NOT NULL,
  `telefono` int(100) NOT NULL,
  `data_nascita` date NOT NULL,
  `ruolo` varchar(100) NOT NULL
) ENGINE=InnoDB DEFAULT CHARSET=utf8mb4 COLLATE=utf8mb4_general_ci;

--
-- Dump dei dati per la tabella `utente`
--

INSERT INTO `utente` (`idutente`, `email`, `password`, `nome`, `cognome`, `telefono`, `data_nascita`, `ruolo`) VALUES
(1, 'admin1@gmail.com', '$2b$10$eARXxnqhDsukCSmi..Yyt.eC9Vr0DqHv0i68/7kyiNLO45Ghb71i2', 'Giulia', 'Vanni', 345345345, '2000-06-16', 'amministratore'),
(2, 'admin2@gmail.com', '$2b$10$3WfZ38CjDL7PTAekdYfuVODGj7uzMRnN8ZXEWr7Xp3D3lKmhDYj4i', 'Mario', 'Rossi', 44433322, '2000-03-05', 'amministratore'),
(3, 'sarabianchi@gmail.com', '$2b$10$y6mATNtd6S1hgZYUv/LemuaxtSSoa8hPW5hWnYGYDoNuTxjxeOLxC', 'Sara', 'Bianchi', 55555555, '1999-08-18', 'acquirente'),
(4, 'michelaminichini@gmail.com', '$2b$10$KlfX4oRq505jruEbX2X0Q.Bcjt6gb27Z3UD2NsHA4YEwy1iMfbXRq', 'Michela', 'Minichini', 1111111111, '2002-08-06', 'acquirente'),
(5, 'utente1@gmail.com', '$2b$10$28V0xU5TYlGvxuAIGQZ3dOk.kY2qJ8VMTl9ce4YlRUGPVibD0LFue', 'Martina', 'Pina', 2232222, '1999-01-22', 'acquirente'),
(6, 'utente2@gmail.com', '$2b$10$inHMWBTYtgYiRCkTbyo63u1V/WFHTNWeOA60qHxc.7oKG7Z3kRUOi', 'Matteo', 'Neri', 345678, '2000-11-05', 'acquirente'),
(7, 'utente3@gmail.com', '$2b$10$iq.Vu8luHvnAgSzz7iaMEe43tXhvS38NI.DX/VLq1I1084i6o0RBi', 'Sabrina', 'Fiera', 8888888, '1998-04-23', 'acquirente'),
(8, 'utente6@gmail.com', '$2b$10$CxZQrAXOVibcPWgvf5Fq.OFXNJytzzTC.Rk9lRhG7JimstMSfKvZi', 'Marino', 'Marte', 99999999, '1999-05-22', 'acquirente'),
(9, 'utente7@gmailcom', '$2b$10$.KHVHyvUvlxfgaSZVxoXBe6vaEIMb.mS4cIWUermH02X29e27luii', 'Settimio', 'Severo', 333330542, '2023-12-14', 'acquirente'),
(10, 'utente8@gmail.com', '$2b$10$8NyJBwqb7iyD/hvjfb58k.xEEYZM1had0ukVjcxOIr3F5PFWmXljS', 'Ottavio', 'Magno', 35364849, '2012-02-03', 'acquirente');

--
-- Indici per le tabelle scaricate
--

--
-- Indici per le tabelle `biglietti`
--
ALTER TABLE `biglietti`
  ADD PRIMARY KEY (`idbiglietto`),
  ADD KEY `fk_cinema_idproizione1_idx` (`idproiezione1`),
  ADD KEY `fk_cinema_idutente_idx` (`idutente`);

--
-- Indici per le tabelle `film`
--
ALTER TABLE `film`
  ADD PRIMARY KEY (`idfilm`);

--
-- Indici per le tabelle `pagamenti`
--
ALTER TABLE `pagamenti`
  ADD PRIMARY KEY (`idpagamento`);

--
-- Indici per le tabelle `posti_proiezione`
--
ALTER TABLE `posti_proiezione`
  ADD PRIMARY KEY (`idposto`);

--
-- Indici per le tabelle `posti_proiezione_old`
--
ALTER TABLE `posti_proiezione_old`
  ADD PRIMARY KEY (`idposto`,`categoria`),
  ADD KEY `fk_cinema_idproiezione_idx` (`idproiezione`);

--
-- Indici per le tabelle `proiezioni`
--
ALTER TABLE `proiezioni`
  ADD PRIMARY KEY (`idproiezione`),
  ADD KEY `fk_cinema_idfilm_idx` (`idfilm`) USING BTREE,
  ADD KEY `fk_cinema_idsala_idx` (`idsala`) USING BTREE;

--
-- Indici per le tabelle `prossimamente`
--
ALTER TABLE `prossimamente`
  ADD PRIMARY KEY (`id_film`);

--
-- Indici per le tabelle `sale`
--
ALTER TABLE `sale`
  ADD PRIMARY KEY (`idsala`);

--
-- Indici per le tabelle `tariffe`
--
ALTER TABLE `tariffe`
  ADD PRIMARY KEY (`idtariffa`);

--
-- Indici per le tabelle `tipo_pagamenti`
--
ALTER TABLE `tipo_pagamenti`
  ADD PRIMARY KEY (`idtipo_pagamento`);

--
-- Indici per le tabelle `utente`
--
ALTER TABLE `utente`
  ADD PRIMARY KEY (`idutente`);

--
-- AUTO_INCREMENT per le tabelle scaricate
--

--
-- AUTO_INCREMENT per la tabella `biglietti`
--
ALTER TABLE `biglietti`
  MODIFY `idbiglietto` int(11) NOT NULL AUTO_INCREMENT, AUTO_INCREMENT=22;

--
-- AUTO_INCREMENT per la tabella `film`
--
ALTER TABLE `film`
  MODIFY `idfilm` int(11) NOT NULL AUTO_INCREMENT, AUTO_INCREMENT=40;

--
-- AUTO_INCREMENT per la tabella `pagamenti`
--
ALTER TABLE `pagamenti`
  MODIFY `idpagamento` int(11) NOT NULL AUTO_INCREMENT, AUTO_INCREMENT=87;

--
-- AUTO_INCREMENT per la tabella `posti_proiezione`
--
ALTER TABLE `posti_proiezione`
  MODIFY `idposto` int(11) NOT NULL AUTO_INCREMENT, AUTO_INCREMENT=1875;

--
-- AUTO_INCREMENT per la tabella `posti_proiezione_old`
--
ALTER TABLE `posti_proiezione_old`
  MODIFY `idposto` int(11) NOT NULL AUTO_INCREMENT, AUTO_INCREMENT=1791;

--
-- AUTO_INCREMENT per la tabella `proiezioni`
--
ALTER TABLE `proiezioni`
  MODIFY `idproiezione` int(15) NOT NULL AUTO_INCREMENT, AUTO_INCREMENT=40;

--
-- AUTO_INCREMENT per la tabella `prossimamente`
--
ALTER TABLE `prossimamente`
  MODIFY `id_film` int(6) NOT NULL AUTO_INCREMENT, AUTO_INCREMENT=7;

--
-- AUTO_INCREMENT per la tabella `sale`
--
ALTER TABLE `sale`
  MODIFY `idsala` int(11) NOT NULL AUTO_INCREMENT, AUTO_INCREMENT=7;

--
-- AUTO_INCREMENT per la tabella `tariffe`
--
ALTER TABLE `tariffe`
  MODIFY `idtariffa` int(11) NOT NULL AUTO_INCREMENT, AUTO_INCREMENT=7;

--
-- AUTO_INCREMENT per la tabella `tipo_pagamenti`
--
ALTER TABLE `tipo_pagamenti`
  MODIFY `idtipo_pagamento` int(11) NOT NULL AUTO_INCREMENT, AUTO_INCREMENT=15;

--
-- AUTO_INCREMENT per la tabella `utente`
--
ALTER TABLE `utente`
  MODIFY `idutente` int(11) NOT NULL AUTO_INCREMENT, AUTO_INCREMENT=11;
COMMIT;

/*!40101 SET CHARACTER_SET_CLIENT=@OLD_CHARACTER_SET_CLIENT */;
/*!40101 SET CHARACTER_SET_RESULTS=@OLD_CHARACTER_SET_RESULTS */;
/*!40101 SET COLLATION_CONNECTION=@OLD_COLLATION_CONNECTION */;
